id;EDAD;TARIFA_ACTUAL;TARIFA_PREVIA;CONSUMO;ARPU_MEDIO;REG;V1;V2;CP;CHURN;P_A;P_B;P_C
1;62;5;5;1.13;56.65;5;1.59;0.83;1;1;1;1;1
2;32;3;3;1.13;34.64;2;13.66;0.9;24;0;0;0;0
3;36;1;3;1.15;11.55;4;11.37;0.87;10;0;0;1;0
4;19;2;3;1.04;21.08;2;12.5;0.9;2;0;1;1;0
5;23;4;4;1.18;47.52;5;9.67;0.92;8;0;1;1;1
6;54;2;2;1.08;22.59;2;7.28;0.94;18;0;0;0;0
7;34;3;3;1.08;32.64;3;19.01;0.93;14;0;0;0;0
8;32;2;2;1.14;23.31;2;20.8;0.96;9;1;1;1;0
9;27;1;5;1.01;10.83;3;2.13;0.97;22;0;0;0;0
10;52;4;1;1.04;41.78;4;13.39;0.87;4;0;1;1;1
11;54;2;2;1.12;22.53;5;18.15;0.93;12;0;1;1;0
12;39;4;4;1.03;41.32;3;20.65;0.85;17;0;0;0;0
13;42;1;1;1.18;12.27;5;2.06;0.87;5;0;1;1;0
14;51;3;3;1.02;30.78;2;14.61;0.94;12;0;1;1;0
15;63;2;3;1.18;24.43;4;2.87;0.92;8;0;1;1;0
16;54;1;1;1.02;10.93;2;20.63;0.99;7;0;1;1;0
17;53;4;4;1.12;45.63;4;1.77;0.94;11;0;0;1;0
18;35;2;3;1.15;23.15;5;1.68;0.8;13;1;1;1;0
19;24;1;1;1.02;10.41;1;3.12;0.95;6;0;1;1;0
20;50;2;4;1.01;20.64;3;14.67;0.8;9;0;0;1;0
21;26;5;5;1.06;53.54;3;13.29;0.93;1;0;1;1;1
22;40;2;2;1.03;21.25;4;16.81;0.93;4;0;1;1;0
23;27;1;1;1.13;11.33;3;11.67;0.84;10;0;1;1;0
24;61;1;1;1.03;11.28;4;18.91;0.96;1;0;1;1;0
25;65;1;1;1.09;10.91;1;11.26;0.82;13;1;1;1;1
26;40;1;1;1.18;12.76;1;20.34;0.9;12;1;1;1;1
27;46;1;1;1.13;11.66;4;1.36;0.84;7;0;1;1;0
28;40;3;3;1.03;31.82;4;2.38;0.82;17;0;0;0;0
29;47;2;5;1.18;23.72;4;12.53;0.94;19;0;0;0;0
30;22;3;3;1.09;33.7;5;19.08;0.95;6;0;1;1;1
31;27;4;1;1;40.39;1;14.16;0.85;2;0;1;1;1
32;18;2;2;1.15;23.92;1;5.36;0.96;2;1;1;1;1
33;39;5;5;1.1;55.26;4;13.16;0.91;9;0;0;0;1
34;37;5;5;1.16;58.85;5;16.01;0.88;2;1;1;1;1
35;19;4;4;1.13;45.93;5;4.89;0.81;23;0;0;0;0
36;50;3;1;1.02;31.49;3;18.18;0.95;2;0;1;1;1
37;66;3;3;1.11;33.8;5;14.41;0.99;21;0;0;0;0
38;42;4;4;1.12;45.25;3;16.77;0.84;11;0;1;1;1
39;34;1;1;1.03;11.25;2;8.21;0.98;3;0;1;1;0
40;57;4;4;1.08;43.43;1;14.03;0.97;2;0;1;1;1
41;62;1;1;1.12;11.27;2;2.34;0.83;17;1;1;1;1
42;57;1;1;1.04;11.32;1;10.21;0.96;24;0;0;0;0
43;31;3;3;1.04;32.04;5;9.73;0.9;21;0;0;0;0
44;70;4;4;1.02;41.5;2;11.26;0.94;1;0;1;1;1
45;44;1;1;1;10.71;3;12.32;0.95;7;0;1;1;0
46;52;4;4;1.06;43.32;4;2.24;0.82;22;0;0;0;0
47;39;1;2;1.18;12.23;1;10.51;0.96;22;1;1;1;1
48;29;4;4;1.07;43.04;1;16.64;0.84;15;0;0;0;0
49;66;5;5;1.2;60.34;5;6.97;0.86;1;1;1;1;1
50;64;1;1;1.18;12.46;3;4.41;0.98;22;0;0;0;0
51;45;4;4;1.06;42.75;5;18.02;0.85;24;0;0;0;0
52;35;4;4;1.11;44.68;2;1.55;0.94;9;0;1;1;1
53;28;4;4;1.13;46.05;1;16.75;0.94;21;0;0;0;0
54;45;1;1;1.09;11.15;3;18.36;0.83;5;0;1;1;0
55;23;3;3;1.06;32.71;3;16.38;0.92;10;0;1;1;0
56;35;3;3;1.18;35.72;2;15.7;0.81;15;0;0;0;0
57;33;5;5;1.09;55.01;5;18.15;0.89;21;0;0;0;0
58;20;5;5;1.01;51.44;3;5.64;0.91;1;0;1;1;1
59;31;5;5;1.04;52.8;3;16.96;0.89;16;0;0;0;0
60;52;2;2;1.03;21.47;3;11.02;0.85;19;0;0;0;0
61;67;1;1;1.01;10.11;4;15.66;0.94;15;1;0;0;0
62;66;4;4;1.02;41.12;1;18.24;0.92;5;0;1;1;1
63;21;4;3;1.1;44.22;4;19.01;0.97;2;1;1;1;1
64;60;4;4;1.14;46.56;1;11.33;0.95;5;0;1;1;1
65;33;4;4;1.03;41.42;4;5.58;0.98;7;0;1;1;0
66;39;2;2;1.08;22.27;2;4.03;0.91;23;0;0;0;0
67;19;2;2;1.1;22.42;4;11.15;0.93;11;1;1;1;0
68;43;3;2;1.12;34.14;3;15.12;0.98;6;0;1;1;1
69;46;4;4;1.11;45.35;5;2.08;0.84;20;0;0;0;0
70;34;3;3;1.09;32.99;5;18.67;0.94;9;0;1;1;0
71;42;4;4;1.05;42.93;5;14.61;0.98;5;0;1;1;1
72;68;1;1;1.01;10.53;2;8.27;0.93;2;0;1;1;0
73;67;4;1;1.03;41.95;2;17.58;0.83;8;0;1;1;1
74;51;3;3;1.18;36.11;5;16.12;0.85;12;0;1;0;0
75;36;2;2;1.07;21.8;3;4.77;0.88;19;0;0;0;0
76;45;3;3;1.09;33.11;3;1.04;0.81;12;0;1;1;0
77;43;3;3;1.05;31.86;3;2.74;0.86;15;0;0;0;0
78;29;2;2;1.05;21.84;5;13.42;0.81;1;0;1;1;0
79;25;3;3;1.12;34.07;5;18.19;0.92;9;1;1;1;1
80;68;5;5;1.06;53.08;3;20.77;1;7;0;0;1;1
81;68;2;2;1.06;21.54;4;11.48;0.92;15;0;0;0;0
82;55;3;3;1.16;34.94;2;8.27;0.82;24;0;0;0;0
83;48;3;4;1.08;33.26;1;1;0.86;18;0;0;0;0
84;36;5;5;1.13;57.47;2;20.28;0.88;9;1;1;1;1
85;39;2;2;1.11;22.29;3;11.68;0.92;24;0;0;0;0
86;32;1;1;1.13;11.34;1;3.01;0.97;14;1;1;1;1
87;37;5;5;1.06;53.85;5;7.13;0.83;16;0;0;0;1
88;66;2;2;1.1;22.13;2;16.72;0.98;8;0;0;1;0
89;49;3;3;1.14;35.12;3;5.27;0.93;3;0;1;1;0
90;45;1;2;1.2;12.52;4;2.69;0.92;15;0;0;0;0
91;66;4;4;1.19;48.46;1;17.2;0.98;5;0;1;1;1
92;58;4;4;1.19;48.03;3;2.17;0.88;19;0;0;0;0
93;66;3;5;1.15;35.37;5;3.47;0.91;12;0;0;1;0
94;57;3;3;1.04;31.58;4;16.46;0.83;20;0;0;0;0
95;25;1;1;1.08;10.87;1;2.57;0.91;7;1;1;1;1
96;58;3;3;1.16;35.32;2;9.31;0.88;19;0;0;0;0
97;38;2;2;1.09;22.11;4;12.99;0.84;21;0;0;0;0
98;31;4;4;1.18;47.53;1;15.44;0.89;4;0;1;1;1
99;65;1;1;1.03;10.77;4;11.36;0.82;15;0;0;0;0
100;19;5;5;1.13;57.23;5;13.38;0.92;16;1;1;1;1
101;59;1;1;1.03;10.61;2;1.88;0.96;20;0;0;0;0
102;67;4;4;1.17;47.03;3;4.72;0.94;24;0;0;0;0
103;70;3;3;1.18;35.44;2;11.77;0.9;12;0;1;1;0
104;27;1;1;1.2;12.18;1;8.23;0.99;1;1;1;1;1
105;60;4;4;1.04;42.04;3;1.18;0.94;16;0;0;0;0
106;36;3;3;1.09;33.3;5;14.75;0.93;19;0;0;0;0
107;41;2;3;1.05;21.63;1;10.29;0.88;5;0;1;1;0
108;29;1;5;1.12;11.28;3;2.46;0.82;24;0;0;0;0
109;48;3;3;1.03;31.09;2;17.2;0.85;22;0;0;0;0
110;35;3;2;1.17;35.69;3;15.89;0.94;1;1;1;1;1
111;36;4;4;1.15;46.93;5;11.39;0.87;7;0;1;1;1
112;51;1;1;1.02;10.59;2;13.44;0.88;4;0;1;1;0
113;42;2;2;1.07;21.95;3;13;0.89;13;0;1;1;0
114;58;3;1;1.1;33.91;4;9.82;0.96;18;0;0;0;0
115;44;2;2;1.07;22.38;1;14.83;0.88;4;0;1;1;0
116;64;4;4;1.14;46.56;3;17.4;0.8;7;0;1;1;0
117;70;4;4;1.15;46.03;3;12.12;0.92;14;0;0;1;1
118;48;3;3;1.13;34.33;5;18.7;0.92;1;1;1;1;1
119;53;5;5;1.15;57.84;1;18.79;0.98;15;1;1;1;1
120;34;5;5;1.16;58.88;1;6.95;0.82;7;1;1;1;1
121;38;1;1;1.13;11.99;4;6.43;0.97;3;0;1;1;0
122;33;2;2;1.12;22.88;1;18.88;0.84;21;0;0;0;0
123;60;3;3;1.16;35.77;1;8.39;0.92;6;1;1;1;1
124;44;1;5;1.02;10.89;2;13.37;0.81;2;0;1;1;0
125;40;4;2;1.04;41.74;5;12.47;0.95;5;0;1;1;1
126;62;1;1;1.15;12.28;2;17.21;0.96;10;1;1;1;1
127;23;2;5;1.16;24.19;5;1.49;0.82;11;0;1;1;0
128;38;1;5;1.15;11.85;2;2.2;0.83;24;0;1;1;0
129;54;2;2;1.01;20.78;4;7.55;0.85;21;0;0;0;0
130;57;4;4;1.04;41.71;2;3.58;0.86;7;0;1;1;1
131;51;2;2;1.2;24.07;5;19.06;1;17;0;0;0;0
132;39;4;4;1.04;41.7;3;7.7;0.81;13;0;1;1;0
133;32;5;5;1.01;50.72;1;15.95;0.9;2;0;1;1;1
134;49;4;2;1;40.55;4;7.52;0.93;19;0;0;0;0
135;68;4;4;1.1;44.08;2;3.42;0.83;22;0;0;0;0
136;58;2;2;1.03;21.5;3;3.17;0.86;21;0;0;0;0
137;62;3;3;1;30.91;1;12.32;0.87;18;0;0;0;0
138;20;3;3;1.19;36.69;1;5.1;0.84;23;0;0;0;0
139;18;5;5;1.18;59.17;3;9.66;0.94;4;1;1;1;1
140;51;3;3;1.01;31.03;5;19.88;0.94;18;0;0;0;0
141;25;3;1;1.07;32.28;2;9.17;0.98;22;1;0;0;0
142;47;2;2;1.15;23.26;1;17.35;0.87;18;0;1;0;0
143;57;3;3;1.19;36.37;1;15.86;0.92;22;0;0;0;0
144;67;1;1;1.1;11.6;5;5.25;0.92;14;0;0;0;0
145;37;2;3;1;20.16;2;8.74;0.88;11;0;1;1;0
146;63;5;5;1.17;58.86;4;4.76;0.94;1;1;1;1;1
147;18;3;3;1.17;35.39;4;11.35;0.88;11;0;1;1;0
148;44;2;2;1.11;22.34;5;2.3;0.81;10;0;1;1;0
149;46;5;4;1.1;55.2;3;12.26;0.92;9;0;1;1;1
150;23;2;2;1.01;20.85;2;6.36;0.92;1;0;1;1;1
151;47;5;5;1.07;53.98;5;15.15;0.83;21;0;0;0;0
152;35;4;4;1.04;42.31;4;9.41;0.94;3;0;1;1;1
153;55;1;1;1.07;11.02;5;12.36;0.81;7;0;1;1;0
154;23;5;5;1.12;56.2;5;16.1;0.9;1;1;1;1;1
155;68;5;5;1.09;54.7;1;12.89;0.94;22;0;0;0;0
156;61;5;5;1.14;57.71;1;20.19;0.96;23;1;1;1;1
157;32;4;4;1.01;40.67;2;15.02;0.84;23;0;0;0;0
158;61;5;5;1.02;51.24;3;18.35;0.95;13;0;0;0;0
159;35;2;2;1.19;23.96;5;5.01;0.81;4;0;1;1;0
160;18;2;2;1.04;21.55;4;12.43;0.83;6;0;1;1;0
161;34;1;3;1.2;12.48;4;12.43;0.89;18;0;0;0;0
162;54;2;4;1.04;21.1;2;9.9;0.92;12;0;0;1;0
163;32;3;5;1.02;31.17;1;17.54;0.93;2;1;1;1;1
164;59;1;1;1.05;11.04;4;13.28;0.81;18;0;0;0;0
165;35;3;4;1.2;36.29;5;11.52;0.92;5;0;1;1;1
166;21;5;5;1.04;52.75;3;12.12;0.88;11;0;0;1;1
167;23;4;4;1.02;41.59;1;17.48;0.89;9;0;1;1;1
168;46;5;5;1.1;55.44;1;7.78;0.95;9;1;0;1;1
169;20;3;3;1.1;33.27;1;13.96;0.99;7;0;1;1;1
170;44;4;4;1.06;43.17;4;6.16;0.83;8;0;1;1;1
171;25;4;4;1.08;44;1;6.26;0.89;2;0;1;1;1
172;45;1;1;1.02;10.77;2;12.71;0.99;13;0;1;1;0
173;55;3;3;1.03;31.14;4;5.42;0.87;8;0;1;1;1
174;67;2;2;1.15;23.28;4;6.5;0.92;2;1;1;1;0
175;39;3;3;1.19;36.54;3;18.52;0.98;6;0;1;1;1
176;64;4;4;1.06;42.93;3;12.71;0.97;10;0;0;1;0
177;28;1;1;1.12;11.47;2;2.11;0.93;19;1;1;1;1
178;44;2;2;1.18;24.16;5;19.46;0.82;24;0;0;0;0
179;50;4;4;1.19;47.75;5;5.98;0.97;8;0;1;1;1
180;41;2;2;1.07;21.62;3;16.14;0.85;6;0;1;1;0
181;53;5;5;1.03;51.52;5;9.05;0.83;8;0;1;1;1
182;61;4;4;1.06;42.41;4;10.08;0.8;13;0;0;0;0
183;26;1;3;1.04;10.85;2;11.79;0.85;20;0;0;0;0
184;50;5;5;1.12;56.25;4;7.38;0.97;7;1;1;1;1
185;55;4;4;1.13;45.4;2;4.5;0.98;5;0;1;1;1
186;19;4;4;1.15;46.72;5;3.9;0.9;11;0;1;1;1
187;46;4;4;1.01;40.43;5;12.92;0.82;18;0;0;0;0
188;56;3;3;1.19;36.4;4;18.69;0.89;17;0;0;0;0
189;69;1;1;1.17;12.67;4;13.95;0.85;8;0;0;1;0
190;53;3;3;1.02;31.49;4;14.62;0.95;24;0;0;0;0
191;33;4;4;1.03;42.08;3;16.52;0.99;7;0;1;1;1
192;33;4;4;1.03;42.05;3;16.9;0.84;22;0;0;0;0
193;31;3;3;1.15;34.72;5;2.87;0.86;6;0;1;1;1
194;18;3;3;1.13;34.67;4;19;0.97;14;0;0;0;0
195;39;3;4;1.06;32.48;5;13.33;1;3;0;1;1;1
196;21;5;5;1.2;60.99;5;13.47;0.88;21;1;1;1;1
197;38;3;3;1.04;31.74;3;15.47;0.87;3;0;1;1;1
198;55;5;5;1.06;53.41;1;4.78;0.84;24;0;0;0;0
199;27;4;4;1.01;41.34;1;18.87;0.98;2;0;1;1;1
200;23;4;4;1.09;44.54;3;5.67;0.82;9;0;1;1;1
201;60;2;2;1.04;21.03;2;9.87;0.88;12;0;0;0;0
202;50;4;3;1.02;41.19;3;6.48;0.8;14;0;1;0;0
203;64;3;3;1.15;34.94;3;5.52;0.97;8;0;1;1;1
204;59;4;4;1.11;45.37;3;8.72;0.93;15;0;0;0;0
205;19;3;3;1.11;33.92;5;18.47;0.87;1;1;1;1;1
206;41;3;3;1.15;35.34;5;19.71;0.9;10;0;1;1;0
207;51;1;1;1.03;10.64;4;3.04;0.86;5;0;1;1;0
208;38;5;1;1.06;53.06;3;15.49;0.87;10;0;1;1;1
209;32;2;3;1.12;22.96;2;17.95;0.83;5;0;1;1;1
210;69;3;3;1.09;33.17;5;9.32;0.86;5;0;1;1;1
211;36;2;2;1.13;22.96;2;9.97;0.91;19;0;0;0;0
212;58;2;2;1;20.25;3;9.42;0.96;21;0;0;0;0
213;37;1;1;1.14;11.93;3;2.23;0.91;24;0;0;0;0
214;69;3;3;1.05;32.09;2;5.31;0.98;10;0;1;1;0
215;34;3;3;1.05;32.07;2;18.2;0.94;13;0;1;0;0
216;46;2;2;1.06;21.6;5;5.65;0.96;8;0;1;1;0
217;27;3;3;1.2;36.81;4;1.7;0.87;17;1;0;0;0
218;42;4;4;1.08;43.78;5;11.75;0.86;20;0;0;0;0
219;31;1;1;1.18;12.2;3;13.72;0.91;7;0;1;1;0
220;54;4;4;1.15;46.04;4;2.42;0.92;12;0;1;1;1
221;19;4;4;1.11;44.94;1;3.04;0.85;23;0;0;0;0
222;30;3;3;1.14;34.76;1;1.37;0.96;15;0;0;0;0
223;18;4;2;1.06;43.26;1;11.33;0.99;5;0;1;1;1
224;19;2;2;1.14;23.08;2;13.08;0.81;13;0;1;1;0
225;20;1;1;1.09;11.18;2;20.65;0.81;7;1;1;1;1
226;58;4;4;1.13;45.77;5;3.69;0.81;24;0;0;0;0
227;42;3;3;1.06;31.8;2;3.8;0.83;9;0;1;1;1
228;21;4;4;1.08;43.96;2;9.85;0.99;8;0;1;1;0
229;68;4;4;1.2;48.32;1;19.88;0.94;2;0;1;1;1
230;32;3;3;1.14;34.97;1;4.12;0.98;13;0;1;1;0
231;35;5;5;1.18;59.29;4;1.41;0.92;2;1;1;1;1
232;50;4;4;1.06;42.7;4;2.41;0.94;23;0;0;0;0
233;44;1;1;1.12;12.06;3;5.37;0.85;3;0;1;1;0
234;22;1;1;1.18;12.02;2;19.94;0.92;20;1;1;1;1
235;37;3;3;1.1;33.09;2;8;0.96;5;0;1;1;0
236;64;4;2;1;40.9;1;1.6;0.84;1;0;1;1;1
237;57;3;3;1.08;33.18;4;2.61;0.86;4;0;1;1;1
238;24;1;1;1.17;12.53;3;8.43;0.92;7;0;1;1;0
239;66;2;2;1.07;21.74;2;2.05;0.82;24;0;0;0;0
240;41;4;4;1.01;40.75;4;7.93;0.94;17;0;0;0;0
241;23;4;4;1.18;48.17;4;20.94;0.87;3;0;1;1;1
242;42;4;4;1.04;41.62;5;1.39;0.96;17;0;0;0;0
243;31;1;1;1.18;12.59;1;8.88;0.96;3;1;1;1;1
244;52;4;4;1.06;42.84;1;17.54;0.91;8;0;1;1;0
245;44;4;4;1.03;41.6;2;8.73;0.82;15;0;0;0;0
246;23;5;5;1.01;50.78;2;4.49;0.82;7;0;1;1;1
247;42;5;5;1.09;54.65;5;11.56;0.85;19;0;0;0;0
248;48;5;5;1.03;51.6;4;8.42;0.85;21;0;0;0;0
249;53;3;3;1.13;34.88;3;3.09;0.98;7;0;1;1;0
250;36;2;2;1.09;22.06;3;2.8;0.87;18;0;0;0;0
251;37;1;1;1.16;12.5;1;2.36;0.87;23;1;1;1;1
252;45;5;5;1.15;58.05;4;2.05;0.91;7;0;1;1;1
253;32;2;2;1.17;24.35;3;19.69;0.82;6;0;1;1;0
254;56;5;5;1.19;59.94;5;6.27;0.95;6;1;1;1;1
255;49;5;5;1.12;56.38;4;7.23;0.95;10;1;1;1;1
256;45;5;5;1.03;51.55;1;20.36;0.92;10;0;0;1;1
257;59;4;4;1.12;45.58;4;15.46;0.87;14;0;1;0;0
258;28;2;3;1.17;23.89;5;14.78;0.86;17;0;1;0;0
259;39;4;4;1.15;46.33;4;14.06;0.97;2;0;1;1;1
260;19;4;4;1.07;43.44;2;11.6;0.87;16;0;0;0;0
261;44;1;1;1.1;11.01;1;12.85;0.89;7;1;1;1;1
262;59;5;5;1.05;52.81;3;16.03;0.87;13;0;0;0;0
263;47;4;4;1.16;46.53;1;11.4;0.97;7;0;1;1;1
264;66;4;4;1.03;41.27;4;6.54;0.93;18;0;0;0;0
265;48;5;5;1.04;52.99;3;5.05;0.81;5;0;1;1;1
266;68;1;1;1.12;11.59;1;20.22;0.8;22;0;1;1;0
267;41;3;2;1.07;33.01;2;14.94;0.88;11;0;1;1;0
268;30;4;1;1.16;46.69;5;2.02;0.88;23;0;0;0;0
269;63;1;1;1.1;11.57;1;4.69;0.92;10;1;1;1;1
270;54;2;2;1.08;21.84;5;8.04;0.91;1;1;1;1;1
271;54;2;2;1.19;24.7;3;16.28;0.99;22;0;0;0;0
272;29;4;4;1.14;46.41;2;19.06;0.91;12;0;1;1;0
273;21;1;1;1.14;11.77;1;10.01;0.85;11;1;1;1;1
274;67;2;5;1.03;21.56;1;3.02;0.87;3;0;1;1;0
275;48;4;1;1.11;45.24;5;14.96;0.99;11;0;1;1;1
276;28;2;2;1.04;21.69;5;14.28;0.93;15;0;1;1;0
277;19;4;4;1.11;45.39;3;15.52;0.8;21;0;0;0;0
278;62;1;1;1.14;11.52;5;20.52;0.88;18;0;0;0;0
279;48;4;4;1.07;43.64;1;3.68;1;13;0;0;1;0
280;67;3;3;1.02;31.45;1;2.84;0.86;11;0;0;1;0
281;50;2;2;1.1;22.83;1;17.79;0.89;9;0;1;1;0
282;30;5;5;1.17;59.1;1;10.33;0.88;9;1;1;1;1
283;25;2;2;1;20.77;5;14.44;0.84;13;0;0;1;0
284;70;3;3;1.17;35.48;1;18.42;0.87;8;0;1;1;0
285;60;3;3;1.13;34.42;1;19.21;0.82;17;0;0;0;0
286;66;1;1;1.18;12.73;1;19.24;0.85;10;1;1;1;1
287;48;1;1;1.01;10.36;2;5.08;0.82;5;0;1;1;0
288;18;2;2;1.17;23.45;2;15.38;0.97;12;0;1;1;0
289;67;2;2;1.02;20.46;2;6.71;1;23;0;0;0;0
290;70;3;3;1.13;34.07;5;13.32;0.99;22;0;0;0;0
291;41;1;1;1.08;11.21;3;11.71;0.95;19;0;0;0;0
292;52;2;2;1.04;21.21;1;16.31;0.93;11;0;1;1;0
293;37;2;2;1.14;22.8;2;9.51;0.85;12;0;1;1;0
294;27;1;1;1.11;11.74;2;1.9;0.96;7;1;1;1;1
295;68;5;5;1.13;56.51;3;2.07;0.84;5;0;1;1;1
296;51;2;2;1.13;22.87;5;16.68;0.96;5;0;1;1;0
297;33;4;4;1.02;41.45;3;7.11;0.9;22;0;0;0;0
298;54;1;3;1.16;12.49;4;3.38;0.84;19;0;0;0;0
299;36;5;5;1;50.71;4;7.64;0.84;9;0;1;1;1
300;25;1;1;1.12;12.12;1;9.14;0.84;3;1;1;1;1
301;23;3;3;1.19;36.64;5;19.32;0.81;8;0;1;1;1
302;59;5;5;1.07;54.46;3;3.3;0.9;8;0;1;1;1
303;33;3;3;1.01;30.67;3;9.78;0.87;6;0;1;1;1
304;57;1;1;1.09;11.42;5;10.29;0.83;6;0;1;1;0
305;49;5;5;1.02;51.47;5;12.23;0.82;12;0;0;1;1
306;41;1;1;1.09;11.87;4;5.29;0.82;19;0;0;0;0
307;30;3;3;1.02;31.07;5;4.67;0.96;3;1;1;1;1
308;23;2;2;1.01;20.87;3;15.23;0.84;18;0;0;0;0
309;35;2;2;1.02;20.73;2;9.98;0.86;12;1;1;1;0
310;64;4;4;1.06;42.94;4;13.89;0.9;18;0;0;0;0
311;24;5;1;1.09;54.81;5;13.66;0.86;4;1;1;1;1
312;23;3;3;1;30.69;4;6.87;0.83;11;1;1;1;0
313;31;5;5;1.03;51.55;5;8.09;0.9;4;0;1;1;1
314;37;1;1;1.11;11.44;2;17.03;0.89;2;1;1;1;1
315;60;1;1;1.13;12.18;1;20.12;0.95;23;0;1;1;1
316;60;2;2;1.09;22.29;4;12.07;0.84;15;0;0;0;0
317;61;4;4;1.14;46.39;4;10.86;0.95;1;0;1;1;1
318;67;5;5;1.15;58.29;1;17.09;0.94;22;0;1;1;1
319;23;3;3;1.06;31.8;4;14.15;0.99;14;0;1;1;0
320;56;5;5;1.12;56.69;5;14.37;0.92;15;0;1;1;1
321;47;3;3;1.2;36.34;2;11.13;0.97;15;0;0;0;0
322;57;4;4;1.18;47.65;5;1.67;0.95;12;0;0;1;1
323;36;1;1;1.19;12.45;4;4.09;0.93;9;0;1;1;0
324;62;2;2;1.19;24.64;4;8.18;0.88;5;0;1;1;0
325;54;1;1;1.02;10.64;1;2.1;0.83;20;0;0;0;0
326;46;1;1;1.05;10.98;3;5.74;0.99;10;0;0;1;0
327;55;5;3;1.14;57.62;3;3.27;0.99;18;1;1;1;1
328;59;2;2;1.07;21.79;3;14.71;0.85;3;0;1;1;1
329;58;1;1;1.12;11.63;2;2.36;0.89;15;1;1;1;1
330;34;1;1;1.15;12.43;3;15.42;0.91;21;0;0;0;0
331;50;1;1;1.18;12.53;3;7.52;0.9;6;0;1;1;0
332;43;3;3;1.02;31.13;1;16.9;0.93;18;0;0;0;0
333;41;2;2;1.13;22.86;2;8.29;0.83;17;0;0;0;0
334;57;4;3;1.01;40.67;2;18.59;0.97;2;0;1;1;1
335;51;5;5;1.09;54.95;1;10.99;0.91;21;0;0;0;0
336;30;1;1;1.02;10.48;5;12.51;0.98;22;0;0;0;0
337;58;1;5;1.16;12.1;1;19.48;0.84;2;1;1;1;1
338;37;3;3;1.17;35.55;4;3.82;0.93;20;0;0;0;0
339;18;1;1;1.18;11.87;4;8.65;0.85;20;0;0;0;0
340;48;1;4;1.02;10.76;5;16.71;0.97;13;0;0;0;0
341;44;4;4;1.12;45.1;4;12.41;0.82;24;0;0;0;0
342;20;2;1;1.09;22.05;4;12.81;0.85;3;0;1;1;0
343;40;3;3;1.18;35.56;5;3.25;0.99;7;0;1;1;0
344;57;4;4;1;40.42;2;6.39;0.82;5;0;1;1;1
345;22;5;5;1.01;50.63;5;16.86;0.87;14;0;0;0;0
346;54;1;1;1.1;11.96;4;9.05;0.92;12;0;1;1;0
347;25;3;3;1.14;34.56;1;3.18;0.95;2;0;1;1;1
348;53;1;1;1.12;11.66;2;12.95;0.87;8;1;1;1;1
349;47;4;4;1.13;46.16;1;15.82;0.85;23;0;0;0;0
350;61;4;4;1.09;44.28;5;7.79;0.94;5;0;1;1;1
351;31;5;5;1.01;50.85;5;12.21;0.89;2;0;1;1;1
352;22;4;4;1.04;42.43;5;7.5;0.99;2;0;1;1;1
353;46;2;1;1.02;20.94;2;14.63;0.98;9;0;1;1;0
354;33;2;2;1.08;21.88;1;11.74;0.93;19;0;0;0;0
355;48;5;5;1.17;58.73;3;12.2;0.99;17;0;1;1;1
356;49;3;3;1.05;31.56;2;9.02;0.92;16;0;0;0;0
357;35;2;4;1.15;23.88;1;4.19;0.89;17;0;0;0;0
358;62;1;4;1.07;11.37;3;20.15;0.86;17;0;0;0;0
359;38;1;1;1.08;11.15;2;18.33;0.81;12;0;1;1;1
360;20;3;3;1.19;36.15;2;20.01;0.82;12;0;1;1;0
361;20;1;2;1.08;10.84;4;3.91;0.88;19;0;0;0;0
362;18;3;3;1.01;30.42;4;7.13;0.8;4;0;1;1;1
363;37;4;4;1.08;43.42;1;12.67;0.85;12;0;1;1;1
364;48;3;3;1.19;35.78;5;17.72;0.87;14;0;0;1;0
365;46;2;2;1.11;23.17;4;2.26;0.84;7;0;1;1;0
366;69;4;4;1.05;42.47;3;5.04;0.99;22;0;0;0;0
367;45;4;4;1.14;45.61;5;15.75;1;12;0;0;0;0
368;56;5;4;1.06;53.97;2;12.56;0.85;16;0;0;0;0
369;47;5;5;1.07;54.49;2;12.65;0.9;23;0;0;0;0
370;30;4;1;1.18;47.62;1;5.78;0.81;19;0;0;0;1
371;22;3;3;1;30.68;2;7.35;0.97;11;0;1;1;0
372;41;5;5;1.02;51.28;1;9.06;0.96;20;0;0;0;0
373;34;4;4;1.03;41.26;3;5.49;0.84;15;0;0;0;0
374;55;4;4;1.12;45;4;9.23;0.88;20;0;0;0;0
375;40;5;5;1.14;57.56;4;1.21;0.99;19;0;1;1;1
376;20;3;3;1.02;30.76;4;9.89;0.83;3;0;1;1;1
377;70;5;5;1.17;58.56;4;12.07;0.89;2;0;1;1;1
378;29;4;4;1.12;45.68;5;10.19;0.9;18;0;1;0;0
379;43;2;2;1.01;20.41;1;2.44;0.82;12;0;1;1;0
380;56;3;5;1.05;31.97;2;3.88;0.86;9;0;1;1;0
381;26;5;5;1.05;53.02;4;14.67;0.97;10;0;1;1;1
382;22;5;5;1.14;57.38;5;8.66;0.9;15;1;1;1;1
383;51;3;3;1.08;33.02;5;16.19;0.91;18;0;0;0;0
384;30;1;1;1.14;11.97;4;10.47;0.93;3;0;1;1;0
385;29;5;5;1.12;56.97;5;1.86;0.89;24;0;1;1;1
386;39;5;5;1.01;50.76;1;6.71;0.87;17;0;0;0;0
387;28;2;2;1.18;24.25;5;11.42;0.86;17;0;1;0;0
388;41;5;2;1.16;58.36;4;12.17;0.98;12;1;1;1;1
389;41;3;3;1.01;30.64;4;19.53;0.88;3;0;1;1;0
390;18;4;4;1.17;47.62;4;13.81;0.9;8;0;1;1;1
391;42;1;1;1.16;12.52;4;3.51;0.91;5;0;1;1;0
392;33;5;5;1.16;58.64;3;3.04;0.86;14;1;1;1;1
393;70;3;3;1.15;35.28;5;15.34;0.96;7;0;1;1;1
394;31;1;1;1.13;12;4;16.93;0.93;2;1;1;1;0
395;55;5;5;1.15;58.17;5;4.13;0.84;9;1;1;1;1
396;26;4;4;1.17;47.64;5;15.61;0.91;24;0;0;0;0
397;68;2;2;1.01;20.78;1;20.62;0.82;18;0;0;0;0
398;52;5;2;1.09;54.96;1;8.77;0.81;8;0;0;1;1
399;33;3;3;1.09;33.59;4;18.51;0.89;10;0;1;1;0
400;70;1;1;1.02;10.49;3;6.92;0.86;22;0;0;0;0
401;39;2;2;1.06;21.26;1;20.17;0.96;18;0;0;0;0
402;19;1;1;1.06;11.59;1;10.57;0.91;22;1;1;1;1
403;20;1;1;1.14;12.04;3;4.18;0.91;23;0;0;0;0
404;28;2;2;1.1;22.39;1;10.95;0.89;3;1;1;1;0
405;63;2;2;1.16;24.16;4;10.65;0.86;2;0;1;1;0
406;30;1;1;1.03;11.25;4;11.04;0.81;23;0;0;0;0
407;39;4;4;1.09;44.46;3;11.91;0.86;10;0;0;1;1
408;68;3;3;1.17;35.83;4;1.01;0.93;5;0;1;1;1
409;32;2;4;1.15;23.12;5;3.25;0.85;21;0;0;0;0
410;29;5;5;1.02;51.72;2;20.18;0.91;21;0;0;0;0
411;50;3;3;1.06;32.52;3;2.73;0.83;8;0;1;1;0
412;57;3;3;1;30.82;3;14.69;0.81;8;0;1;1;0
413;50;5;5;1.18;59.12;5;19.71;0.87;13;1;1;1;1
414;54;5;5;1.19;60;4;5.61;0.94;17;1;1;1;1
415;44;4;3;1.12;45.16;5;15.96;0.99;21;0;0;0;0
416;21;4;4;1.13;46.06;5;3.12;0.8;19;0;0;0;0
417;25;1;1;1;10.81;2;3.63;0.98;7;0;1;1;0
418;56;3;3;1.11;34.04;1;8.49;0.94;7;0;1;1;1
419;56;1;1;1.13;11.75;4;1.53;1;15;0;0;0;0
420;55;3;3;1.02;31.42;2;9.56;0.82;21;0;0;0;0
421;35;1;1;1.18;12.54;5;3.69;0.86;22;0;0;0;0
422;57;1;1;1.2;12.11;5;12.77;0.82;20;0;0;0;0
423;53;2;2;1.07;22.29;2;1.35;0.92;1;1;1;1;1
424;48;1;1;1.03;11.09;4;8.57;0.93;15;0;1;0;0
425;38;2;2;1.09;22.49;5;16.16;0.81;2;1;1;1;1
426;52;5;3;1.12;56.75;1;9.29;0.95;7;1;1;1;1
427;63;3;3;1.19;36.68;3;6.53;0.82;20;0;0;0;0
428;39;5;3;1.17;58.55;5;3.54;0.82;12;1;1;1;1
429;42;5;5;1.11;55.55;2;10.16;0.98;15;1;1;1;1
430;69;1;1;1.2;12.19;3;10.99;0.97;7;1;1;1;0
431;42;3;3;1.18;36.25;5;19.81;0.88;12;0;0;1;0
432;26;3;3;1.14;34.3;1;1.71;0.88;10;0;1;1;0
433;26;5;5;1.15;57.85;2;20.23;0.96;22;1;1;1;1
434;40;3;3;1.1;33.43;1;17.69;0.93;22;0;0;0;0
435;21;2;2;1.18;23.74;1;14.16;0.89;8;0;1;1;0
436;56;2;2;1.06;21.64;2;5.95;0.86;11;0;1;1;0
437;31;4;4;1.08;44;5;12.91;0.87;1;1;1;1;1
438;18;1;1;1.19;11.98;5;12.14;0.85;20;0;0;0;0
439;30;4;4;1.02;41.19;4;12.66;0.91;11;0;0;0;0
440;19;4;4;1.11;44.7;5;6.69;0.9;4;0;1;1;1
441;50;4;4;1.04;42.59;3;15.06;0.91;5;0;1;1;1
442;38;5;5;1.15;58.17;3;20.15;0.89;5;1;1;1;1
443;49;4;4;1.09;44.48;5;15.2;0.81;8;0;1;1;1
444;35;3;3;1.04;31.5;3;11.02;0.81;6;0;1;1;1
445;66;2;2;1.18;24.23;3;10.95;0.96;10;0;1;0;0
446;46;5;5;1;50.11;2;11.17;0.91;9;0;0;1;1
447;62;2;2;1.06;21.85;4;6.58;0.85;1;1;1;1;1
448;30;5;5;1.06;53.58;4;7.13;0.87;11;0;0;1;1
449;19;3;3;1.12;33.88;2;18.08;0.81;5;1;1;1;1
450;69;1;1;1.09;11.02;3;18.08;0.98;1;0;1;1;0
451;47;1;1;1.11;11.47;2;5.24;1;13;1;1;1;1
452;39;5;5;1.17;58.6;1;2.66;0.87;22;1;1;1;1
453;29;5;5;1.09;54.85;3;15.24;0.89;7;0;1;1;1
454;46;5;5;1.11;55.91;4;15.49;0.96;23;0;1;1;1
455;28;2;4;1.02;21.32;1;13.73;0.91;14;0;0;0;0
456;46;2;2;1.17;23.6;2;8.46;0.89;19;0;0;0;0
457;20;1;2;1.11;11.7;4;5.87;0.99;16;0;1;0;0
458;31;2;3;1.2;24.99;1;3.04;0.99;19;0;0;0;0
459;39;5;5;1.15;57.62;4;16.07;0.93;23;1;1;1;1
460;68;5;4;1.08;54.51;1;18.75;0.85;1;0;1;1;1
461;65;2;2;1.04;21.65;2;7.32;0.87;8;0;1;1;0
462;62;4;4;1.09;44.36;1;10.7;0.96;23;0;0;0;0
463;59;3;3;1.07;32.17;5;7.59;0.85;11;0;1;1;0
464;61;2;3;1.04;20.9;5;15.74;0.86;20;0;0;0;0
465;67;1;1;1.01;10.8;1;16.7;0.84;20;0;0;0;0
466;45;3;3;1.09;33.62;1;18.37;0.9;12;0;0;1;0
467;66;2;2;1.07;21.73;2;10.84;0.88;20;0;0;0;0
468;21;4;4;1.11;45;1;3.8;0.9;22;0;0;0;0
469;68;4;4;1.11;44.42;5;9.14;0.9;10;0;1;1;0
470;70;2;2;1.01;20.61;2;13.47;0.8;17;0;0;0;0
471;27;3;3;1.14;35.09;3;16.91;0.94;13;1;1;1;0
472;52;2;2;1.11;22.98;4;18.18;1;23;0;0;0;0
473;20;2;2;1.12;23.1;5;15.01;0.82;9;0;1;1;0
474;68;4;4;1.1;44.84;2;5.11;0.98;15;0;0;0;0
475;64;4;4;1.05;42.9;4;12.84;0.85;13;0;0;0;0
476;57;4;2;1.07;43.66;2;1.25;0.86;7;0;1;1;1
477;24;4;4;1.02;41.28;2;20.14;0.93;20;0;0;0;0
478;41;1;1;1.11;11.78;4;10.9;0.94;5;0;1;1;0
479;47;3;3;1.09;32.74;1;11.5;0.92;5;0;1;1;0
480;28;5;5;1.2;60.37;3;15.07;0.91;1;1;1;1;1
481;33;5;5;1.07;53.78;2;7.66;0.99;10;0;0;1;1
482;25;5;1;1.04;52.92;3;7.75;0.83;17;0;0;0;0
483;62;2;2;1.12;22.79;5;5.7;0.87;9;0;1;1;0
484;46;1;2;1.17;11.73;2;10.77;0.88;7;1;1;1;1
485;41;1;1;1.14;12.2;4;8.49;0.92;13;0;1;0;0
486;22;5;5;1.2;60.15;5;9.72;0.97;20;1;1;1;1
487;49;5;5;1.1;55.4;5;6.78;1;17;0;0;0;0
488;62;2;2;1.07;21.44;2;3.24;0.95;18;0;0;0;0
489;27;2;2;1.1;22.15;5;13.21;0.97;13;1;1;1;0
490;42;5;5;1.03;52.32;4;9.74;0.98;14;0;0;0;0
491;60;5;5;1.03;51.53;2;11.21;0.81;7;0;0;1;1
492;38;5;5;1;50.42;1;12.26;0.87;13;1;0;1;0
493;38;1;1;1.18;11.88;4;6.92;0.94;19;0;0;0;0
494;61;5;5;1.03;52.02;5;11.26;0.95;5;0;1;1;1
495;50;4;4;1.14;45.83;1;12.75;0.8;8;0;1;1;1
496;67;5;5;1.13;57.39;2;10.38;0.89;3;1;1;1;1
497;54;3;3;1.16;34.9;4;5.06;0.91;11;0;1;1;0
498;34;2;2;1.18;24.22;4;5.69;0.87;2;0;1;1;0
499;31;4;4;1.03;41.7;5;13.48;0.97;11;0;1;1;1
500;52;1;1;1.04;11.31;5;7.09;0.95;14;0;0;0;0
501;33;5;5;1.05;52.65;3;7.85;0.8;11;0;0;1;1
502;64;4;2;1.19;47.9;2;20.04;0.91;11;0;1;1;1
503;24;1;1;1.12;11.77;2;5.62;0.93;14;1;1;1;1
504;33;3;3;1.11;33.74;5;5.77;0.97;24;0;0;0;0
505;53;1;1;1.19;12.75;4;19.2;0.82;18;0;0;0;0
506;62;2;2;1.05;21.83;2;3.41;0.83;14;0;0;0;0
507;21;2;2;1.16;23.38;4;5.05;0.96;1;1;1;1;1
508;57;3;3;1.07;32.45;2;2.9;0.95;4;0;1;1;1
509;70;2;2;1.18;24.24;3;7.24;0.92;1;0;1;1;0
510;41;3;3;1.15;35.25;3;2.28;0.96;22;0;0;0;0
511;25;1;1;1.06;11.11;3;7.49;0.85;8;0;0;1;0
512;40;2;2;1.03;21.02;2;13.56;0.83;6;0;1;1;0
513;64;5;5;1.02;51.41;2;12.53;0.97;6;0;1;1;1
514;64;2;2;1.15;23.82;5;15.05;1;15;0;1;0;0
515;62;5;5;1.05;53.1;5;15.86;0.86;21;0;0;0;0
516;55;5;5;1.02;51.73;2;14.3;0.95;1;0;1;1;1
517;25;2;2;1.1;22.08;3;11.69;0.81;8;0;1;1;0
518;58;5;1;1.17;59.25;1;20.06;0.89;7;1;1;1;1
519;57;3;3;1.13;34.07;5;18.53;0.8;20;1;0;0;0
520;67;3;3;1.03;31.4;1;3.89;0.84;6;0;1;1;0
521;65;4;1;1.15;46.96;1;10.25;0.9;19;0;0;0;0
522;43;1;1;1.2;12.89;1;3.07;0.99;24;1;1;1;1
523;67;5;5;1.09;55.38;1;10.35;0.83;5;0;1;1;1
524;22;4;4;1.01;40.87;2;15.82;0.82;11;0;1;1;1
525;52;1;1;1.15;11.7;3;6.31;0.98;5;0;1;1;0
526;24;5;5;1.11;55.69;2;16.74;0.9;18;1;1;1;1
527;33;2;2;1.16;23.35;3;14.47;0.83;1;1;1;1;1
528;42;3;2;1.02;30.99;4;1.06;0.9;17;0;0;0;0
529;45;3;3;1.09;33.17;5;13.68;0.83;6;0;1;1;0
530;56;5;5;1.19;60.23;1;13.07;0.99;8;1;1;1;1
531;35;5;5;1.06;53.99;3;9.31;0.85;8;0;0;1;1
532;27;4;4;1;40.04;3;20.06;0.97;23;1;0;0;0
533;41;4;4;1.15;46.91;4;8.79;1;15;0;0;0;0
534;21;1;1;1.1;11.32;2;1.98;0.92;21;1;1;1;1
535;56;2;2;1;20.07;2;20.28;0.87;24;0;0;0;0
536;25;5;5;1.12;56.76;3;15.75;0.87;13;1;1;1;1
537;19;3;3;1.17;35.41;4;3.76;0.9;10;0;1;1;1
538;24;4;4;1.05;42.48;2;2.99;0.95;3;1;1;1;1
539;33;3;3;1.1;33.67;1;14.2;0.98;24;0;0;0;0
540;36;1;1;1.18;12.78;4;19.71;0.88;10;0;1;1;0
541;18;2;2;1.08;22.13;5;6.08;0.95;8;0;1;1;0
542;64;1;1;1.18;12.27;1;13.39;0.82;19;1;1;1;1
543;55;1;1;1.06;10.99;4;19.65;0.98;18;0;0;0;0
544;38;1;1;1.03;10.78;1;2.08;0.92;22;0;0;0;0
545;61;3;3;1.08;32.44;2;5.97;0.95;3;0;1;1;0
546;54;5;5;1.1;55.71;2;19.24;0.8;12;0;0;0;1
547;55;5;5;1.17;59.43;5;13.17;0.88;16;1;1;1;1
548;34;2;2;1.03;21.02;1;11.92;0.81;19;0;0;0;0
549;24;5;5;1.03;51.8;2;16.38;0.8;1;0;1;1;1
550;55;5;5;1.07;53.57;1;10.63;0.92;20;0;0;0;0
551;27;5;5;1.04;52.99;2;18.08;0.81;16;0;0;0;0
552;62;5;5;1.12;56.07;5;5.31;0.99;18;1;1;1;1
553;61;2;2;1.15;23.83;2;1.69;0.87;12;0;0;0;0
554;54;5;5;1.06;53.55;3;12.04;0.95;23;0;0;0;0
555;25;4;4;1.08;43.26;3;14.67;0.98;4;0;1;1;1
556;56;1;1;1.05;10.55;2;14.22;0.94;20;0;0;0;0
557;49;4;4;1.13;45.42;4;9.93;0.93;20;0;0;0;0
558;25;1;1;1.11;11.13;1;18.05;0.85;7;1;1;1;1
559;50;1;4;1.07;11.51;5;19.39;0.83;24;0;0;0;0
560;34;5;5;1.01;51.42;5;19.49;0.9;15;0;0;0;1
561;28;4;4;1.19;48.14;5;6.4;0.87;5;0;1;1;1
562;23;3;3;1.18;35.7;2;1.42;0.91;14;0;0;0;0
563;29;4;4;1.12;45.49;1;20.15;0.99;16;0;1;0;0
564;26;2;2;1.19;23.99;2;6.15;0.85;5;0;1;1;0
565;56;5;5;1.09;55.11;4;3.98;1;4;1;1;1;1
566;66;1;1;1.06;10.9;5;14.88;0.87;12;0;1;1;0
567;40;2;2;1.17;23.84;1;10.65;0.99;16;0;0;0;0
568;33;4;3;1.06;43.07;4;9.46;0.86;4;0;1;1;1
569;67;3;3;1.18;35.77;4;1.09;0.86;20;0;0;0;0
570;32;4;4;1.14;46.23;4;9.75;0.8;6;0;1;1;1
571;19;1;1;1.01;10.51;4;18.77;0.84;16;1;0;0;0
572;24;4;4;1.04;42.36;2;20.79;0.91;19;0;0;0;0
573;30;4;4;1.03;41.21;3;2.89;0.89;1;0;1;1;1
574;25;4;4;1.19;48.17;4;10.59;0.89;19;1;0;0;0
575;47;4;2;1;40.16;5;15.42;0.96;23;0;0;0;0
576;57;2;2;1.2;24.76;1;4.71;0.88;13;0;1;0;0
577;47;5;5;1.19;60.29;5;6.85;0.81;7;1;1;1;1
578;47;3;5;1.17;35.45;2;7.73;0.93;3;0;1;1;1
579;53;4;4;1.01;40.55;3;12.4;0.9;10;0;0;0;0
580;52;3;3;1.16;35.23;5;11.04;0.95;3;0;1;1;1
581;33;4;4;1.16;47.28;2;20.43;0.92;8;0;1;1;1
582;26;3;3;1.06;32.45;3;6.65;0.88;15;0;1;0;0
583;37;4;3;1.05;42.33;3;10.2;0.91;11;0;1;1;1
584;29;2;2;1.05;21.11;4;9.73;0.89;17;0;0;0;0
585;27;5;5;1.06;53.12;3;4.84;0.9;11;0;1;1;0
586;60;1;1;1.11;11.72;5;19.49;1;22;0;0;0;0
587;43;3;3;1.13;34.13;1;13.79;0.99;12;0;1;1;0
588;27;1;1;1.06;11.38;5;16.17;0.83;12;0;0;1;0
589;54;1;1;1.02;10.53;2;6.98;0.93;3;0;1;1;0
590;28;5;5;1.02;51.05;3;1.27;0.9;3;0;1;1;1
591;38;2;1;1.11;22.77;1;13.14;0.81;19;0;0;0;0
592;32;4;4;1.14;46.15;3;17.32;0.93;16;0;0;0;0
593;33;2;2;1.1;22.99;5;2.52;0.93;18;0;0;0;0
594;27;3;3;1.04;31.68;1;13.11;0.97;19;0;0;0;0
595;60;2;2;1.09;21.92;2;16.32;0.85;13;0;0;1;0
596;67;1;1;1.08;11.16;5;12.59;0.8;17;1;0;0;0
597;68;3;3;1.11;33.77;1;6.86;0.9;13;0;0;0;0
598;42;3;3;1.14;34.76;5;16.43;0.86;15;0;1;0;0
599;28;3;3;1.15;35.42;3;16.41;0.98;22;0;0;0;0
600;18;3;2;1.13;34.71;2;14.3;0.85;9;0;1;1;1
601;65;1;1;1.13;12.15;3;5.67;0.97;5;0;1;1;0
602;53;3;3;1.15;34.57;5;20.21;0.84;5;0;1;1;0
603;57;5;5;1.1;55.42;1;7.19;0.89;20;1;0;0;0
604;58;2;5;1.04;21.46;5;11.57;0.99;17;0;0;0;0
605;42;1;1;1.13;12.03;4;4.31;0.87;20;0;0;0;0
606;18;4;3;1.15;46.41;3;8.17;0.89;18;0;0;0;0
607;27;2;2;1.07;22.21;2;10.84;0.92;9;1;1;1;0
608;45;4;4;1.04;42.39;2;4.06;0.98;14;0;0;1;1
609;20;3;3;1.15;34.9;5;6.13;0.88;17;0;0;1;0
610;31;1;1;1.14;11.88;4;5.5;0.87;17;0;0;0;0
611;26;1;1;1.16;12.03;4;15.76;0.91;16;0;0;0;0
612;56;5;5;1.09;55.14;4;1.13;0.86;3;0;1;1;1
613;53;5;5;1.14;57.62;2;5.67;0.87;2;1;1;1;1
614;55;1;1;1.16;11.93;1;8.05;0.93;8;1;1;1;1
615;53;4;4;1.1;44.36;1;19.18;0.96;19;0;0;0;0
616;32;2;2;1.05;21.73;3;20.39;0.95;15;0;1;1;0
617;68;3;3;1.02;31.1;2;6.62;0.89;21;0;0;0;0
618;52;1;1;1.1;11.59;3;6.71;0.99;19;0;0;0;0
619;55;1;1;1.07;11.54;3;16.63;0.88;16;0;0;0;0
620;59;2;2;1.15;23.88;5;12.27;0.99;15;0;0;1;0
621;46;5;5;1.12;56.39;2;17.68;0.82;7;1;1;1;1
622;67;3;3;1.02;31.51;1;1.04;0.9;14;0;1;0;0
623;70;4;4;1.12;44.99;4;4.86;0.83;19;0;0;0;0
624;63;4;4;1.13;45.24;3;16.83;0.89;9;0;1;1;0
625;58;5;5;1.09;54.9;4;2.65;0.91;18;0;0;0;0
626;42;2;2;1.03;21.35;1;9.56;0.85;17;0;1;0;0
627;26;1;1;1.05;11.16;5;9.98;0.91;4;0;1;1;0
628;47;1;1;1.18;12.25;4;17.21;0.93;23;0;0;0;0
629;49;2;2;1.12;23.18;4;6.52;0.87;2;0;1;1;0
630;36;3;3;1.09;33.16;2;19.28;0.81;12;0;1;1;0
631;50;5;5;1.07;54.41;2;17.24;0.97;7;0;1;1;1
632;66;4;4;1.18;47.51;5;10.88;0.84;10;0;0;1;1
633;59;4;4;1.1;44.18;3;12.84;0.97;13;0;0;0;0
634;58;3;3;1.12;34.58;5;17.57;0.9;23;0;0;0;0
635;46;3;3;1.13;34.66;4;16.09;0.92;24;0;0;0;0
636;67;2;2;1.15;23.08;2;20.71;0.97;21;1;0;0;0
637;33;5;5;1.13;57.46;3;8.37;0.82;4;1;1;1;1
638;37;3;3;1.07;32.97;4;7.81;0.97;19;0;0;0;0
639;18;1;1;1.05;11.18;2;19.38;0.86;3;0;1;1;0
640;69;1;1;1.03;10.91;1;13.02;0.83;1;0;1;1;0
641;57;5;5;1.2;60.89;4;15.83;0.95;16;1;1;1;1
642;41;2;2;1.1;22.62;4;12.9;0.8;21;0;0;0;0
643;18;4;4;1.02;41.55;4;20.62;0.87;8;1;1;1;1
644;22;4;4;1.09;44;3;4.18;0.9;12;0;1;1;1
645;28;4;4;1.05;42.49;4;1.27;0.9;6;1;1;1;1
646;46;2;2;1.02;20.51;1;15.54;0.98;11;0;1;1;0
647;35;2;2;1.01;20.51;2;1.94;0.86;13;0;0;1;0
648;68;1;1;1.05;10.66;3;15.19;0.95;20;1;0;0;0
649;46;1;2;1.06;10.64;2;16;0.99;19;1;1;1;0
650;48;5;5;1.03;52.33;5;11.84;0.83;5;0;1;1;1
651;49;5;5;1.08;54.66;4;2.37;0.88;6;0;0;1;1
652;62;1;1;1.19;12.06;1;9.95;0.95;23;1;1;1;1
653;61;4;1;1.1;44.56;4;17.49;0.82;17;0;0;0;0
654;59;5;5;1.03;51.66;3;3.94;0.83;12;0;0;0;0
655;23;1;1;1.13;12.14;3;11.38;0.88;16;0;0;0;0
656;66;3;3;1.17;35.57;5;14.13;0.96;24;0;0;0;0
657;23;2;2;1.11;23.09;2;5.43;0.85;17;0;0;0;0
658;65;1;1;1.07;11.55;1;10.1;0.82;3;1;1;1;1
659;54;3;3;1.09;33.37;2;11.85;0.99;23;0;0;0;0
660;69;4;4;1.02;41.14;2;19.31;0.87;7;0;1;1;0
661;46;3;3;1.13;34.62;3;8.87;0.84;7;0;1;1;0
662;29;4;4;1.19;48.06;3;18.55;0.81;16;1;0;0;0
663;65;3;4;1.01;31.3;4;6.85;0.99;2;0;1;1;1
664;68;4;4;1.07;43.78;4;15.99;0.82;19;0;0;0;0
665;37;1;1;1.12;11.21;5;5.74;0.93;4;0;1;1;0
666;37;1;1;1.18;12.19;4;9.51;0.86;6;1;1;1;0
667;43;4;4;1.14;46.06;3;12.64;0.84;7;0;1;1;1
668;23;3;3;1.04;31.37;4;14.84;0.87;21;0;0;0;0
669;33;2;2;1.03;20.84;4;9.99;0.97;14;1;1;0;0
670;33;5;5;1.06;53.98;2;7.34;0.94;16;0;0;0;0
671;29;3;3;1.17;35.37;5;14.04;0.82;17;0;0;0;0
672;57;5;5;1.07;54.32;3;8.18;0.85;12;0;0;0;1
673;18;5;5;1;50.45;5;12.64;0.87;21;0;0;0;0
674;18;4;4;1.11;45.06;2;17.97;0.85;9;0;1;1;1
675;67;3;3;1.18;35.62;5;10.19;0.99;11;0;1;1;1
676;70;4;4;1.02;41.28;4;1.6;0.89;21;0;0;0;0
677;57;1;1;1.15;12.42;5;7.89;0.91;7;0;1;1;0
678;49;3;5;1.02;30.89;5;20.05;0.8;9;0;0;1;0
679;42;3;3;1.15;34.99;1;5.24;0.8;15;0;0;0;0
680;55;2;2;1.11;23.15;1;5.06;0.99;9;0;1;1;0
681;44;4;4;1.12;45.71;3;18.73;0.84;8;0;1;1;1
682;42;1;1;1.04;10.78;2;15.1;0.95;8;1;1;1;0
683;20;2;5;1.07;21.8;1;18.64;0.95;7;0;1;1;0
684;35;5;5;1;50.42;5;2.8;0.93;10;0;0;1;1
685;37;2;2;1.16;23.62;2;8.75;0.84;22;0;0;0;0
686;64;4;4;1.11;44.52;2;13.78;0.96;17;0;0;0;0
687;27;4;4;1.16;47.15;5;9.58;0.91;10;0;1;1;1
688;34;5;5;1.03;51.93;1;9.25;0.98;24;0;0;0;0
689;67;3;3;1.07;32.33;5;1.17;0.82;5;0;1;1;1
690;55;3;3;1.04;32.19;4;20.2;0.98;2;0;1;1;0
691;58;5;5;1.17;59.18;1;20.68;0.88;7;1;1;1;1
692;43;5;2;1.03;52.03;1;7.38;0.95;4;0;1;1;1
693;47;3;3;1.07;32.9;1;17.01;0.82;17;0;0;0;0
694;36;3;3;1.14;35.13;1;16.78;0.83;3;0;1;1;1
695;22;1;1;1.05;10.54;1;18.89;0.92;13;0;0;1;0
696;68;1;1;1.19;12.29;2;12.45;0.93;5;0;1;1;1
697;45;3;3;1.13;34.09;5;18.53;0.83;22;0;0;0;0
698;70;5;5;1.07;54.41;5;3.28;0.91;20;0;0;0;0
699;36;1;1;1.16;12.14;3;20.93;0.87;4;0;1;1;0
700;48;2;2;1;20.19;1;17.78;0.93;22;0;0;0;0
701;46;5;5;1.08;54.88;3;3.62;0.87;4;0;1;1;1
702;44;5;5;1.08;54.96;5;13.44;0.82;1;0;1;1;1
703;53;4;4;1.14;46.23;2;2.43;0.83;16;0;0;0;0
704;29;1;1;1.08;11.35;5;6.92;0.83;14;0;0;0;0
705;30;4;4;1.08;44.02;4;1.28;0.95;14;0;0;1;1
706;39;3;3;1.05;32.42;5;16.82;0.87;10;0;1;1;0
707;42;1;1;1.12;11.62;2;6.23;0.97;11;1;1;1;1
708;68;5;5;1.04;52.8;4;9.52;0.89;8;0;0;1;1
709;48;3;3;1.01;30.37;4;1.84;0.94;16;0;1;0;0
710;25;5;5;1.18;59.38;5;15.76;0.86;19;0;1;1;1
711;70;2;2;1.09;22.19;2;11.79;0.9;5;0;1;1;0
712;47;2;2;1.04;21.02;3;4.97;0.85;19;0;0;0;0
713;56;2;2;1.04;20.93;4;12.68;0.81;24;0;0;0;0
714;47;3;3;1.07;33.08;2;10.46;0.99;24;0;0;0;0
715;50;2;2;1.13;23.1;2;8.9;0.95;4;0;1;1;0
716;53;3;3;1.12;33.64;5;1.11;0.99;19;0;0;0;0
717;48;4;4;1.18;48.16;2;11.84;0.83;1;0;1;1;1
718;67;1;1;1.04;10.67;4;4.95;0.93;11;0;0;1;0
719;63;4;4;1.02;41.32;2;19.09;0.88;13;0;0;0;0
720;22;4;4;1.06;42.53;2;14.32;0.91;17;0;0;0;1
721;24;1;1;1.05;11.15;4;11.26;0.94;3;0;1;1;0
722;36;2;2;1.12;23.04;1;1.71;0.9;21;0;0;0;0
723;27;2;2;1.11;23.02;1;11.18;0.89;7;0;1;1;0
724;64;3;3;1.01;30.81;5;20.73;0.98;7;0;1;1;0
725;49;3;3;1.07;32.72;4;10.13;0.95;20;0;0;0;0
726;19;4;4;1.16;47.29;3;8.31;0.87;1;0;1;1;1
727;41;3;3;1.14;35.07;4;11.56;0.82;2;0;1;1;1
728;33;3;5;1.18;35.45;3;5.48;0.86;14;0;0;1;0
729;42;5;5;1.04;52.76;5;11.81;0.98;11;0;0;1;1
730;41;3;3;1.12;34.15;5;6.19;0.91;5;0;1;1;1
731;51;5;5;1.07;54;4;15.78;0.91;3;0;1;1;1
732;22;5;5;1.05;52.82;2;5.23;0.91;13;0;0;1;1
733;19;1;4;1.02;10.41;3;15.26;0.95;5;0;1;1;0
734;47;1;4;1.08;11.14;1;2.4;0.8;17;1;1;1;0
735;61;2;2;1.05;21.14;4;13.49;0.86;15;0;0;0;0
736;27;3;3;1.05;32.32;1;13.05;0.82;6;0;1;1;1
737;46;4;4;1.17;46.81;2;10.35;0.84;1;0;1;1;1
738;45;4;4;1.16;47.39;1;9.86;0.85;19;0;0;0;0
739;28;1;1;1.18;11.93;5;15.3;0.98;24;0;0;0;0
740;66;3;3;1.18;35.6;3;18.53;0.9;17;0;0;0;0
741;48;4;4;1.09;44.15;5;6.56;0.95;20;0;0;0;0
742;26;2;2;1.01;21.14;1;7.83;0.84;20;0;0;0;0
743;39;4;4;1.14;45.9;1;19.47;0.88;12;0;1;1;1
744;48;4;4;1.15;46.72;2;19.94;0.98;1;0;1;1;1
745;44;3;2;1.04;31.58;1;12.4;0.97;21;0;0;0;0
746;44;2;2;1.04;21.48;2;9.45;0.94;6;0;1;1;0
747;40;1;1;1.19;12.76;3;8.02;0.94;6;0;1;1;0
748;29;5;5;1.12;56.71;5;5.43;0.92;9;1;1;1;1
749;46;4;4;1.03;41.51;1;20.7;0.92;10;0;1;1;1
750;56;5;5;1.14;57.75;3;15.56;0.96;7;1;1;1;1
751;69;1;3;1.03;10.85;1;3.7;0.87;19;0;0;0;0
752;70;1;2;1.19;12.44;3;18.8;0.99;5;0;1;1;0
753;49;1;1;1.16;12.24;4;9.1;0.93;5;0;1;1;0
754;32;5;5;1.05;53.17;3;5.69;0.82;16;0;0;0;1
755;29;3;3;1.01;30.78;5;19.78;0.81;9;0;1;1;0
756;35;3;3;1.12;33.83;5;4.12;0.85;3;0;1;1;1
757;64;1;1;1.01;10.7;3;3.89;0.95;1;0;1;1;0
758;58;2;2;1.15;23.76;5;15.64;0.85;9;0;1;1;0
759;68;1;5;1.06;10.6;5;7.64;0.88;8;0;0;1;0
760;44;2;2;1.02;20.82;5;4.93;0.82;20;0;0;0;0
761;61;1;1;1.08;11;3;11.92;0.92;10;0;1;1;0
762;38;1;1;1.14;11.82;3;6.96;0.9;2;0;1;1;0
763;36;5;5;1.02;51.92;1;3.01;0.9;13;0;0;0;1
764;36;4;4;1.05;42.58;4;14.02;0.99;14;0;1;0;0
765;28;4;3;1.1;44.31;4;7.69;0.83;5;0;1;1;1
766;56;1;1;1.01;10.95;4;6.37;0.83;12;0;0;1;0
767;29;1;1;1.03;10.36;5;16.01;0.97;14;0;0;0;0
768;50;2;1;1.01;20.94;4;8.41;0.85;23;0;0;0;0
769;63;2;2;1.16;23.58;3;12.22;0.86;23;0;0;0;0
770;46;5;5;1;50.89;2;7.75;0.97;19;0;0;0;0
771;59;3;3;1.14;35.18;1;4.31;0.92;5;0;1;1;1
772;18;4;5;1.15;46.3;1;10.95;0.92;16;0;0;0;0
773;55;1;1;1.04;10.4;4;3.75;0.93;16;0;0;0;0
774;45;1;1;1.04;11.35;1;20.72;0.91;14;0;0;1;0
775;29;1;1;1.07;10.84;3;1.14;0.96;1;1;1;1;0
776;30;1;1;1.05;11.22;2;11.08;0.8;16;0;0;0;0
777;46;1;1;1.18;12.11;5;4.56;0.94;9;0;1;1;0
778;49;4;4;1;40.58;1;13.51;0.97;9;0;1;1;1
779;69;5;5;1.05;52.73;2;5.37;0.88;19;0;0;0;0
780;52;4;4;1.19;47.6;1;5.22;0.84;6;0;1;1;1
781;22;5;5;1.03;52.43;4;5.8;0.85;4;0;1;1;1
782;41;5;5;1.12;56.65;4;12.74;0.84;5;0;1;1;1
783;36;1;1;1.12;11.85;4;16.92;0.88;3;0;1;1;0
784;43;3;3;1.17;35.81;4;18.72;0.95;20;0;0;0;0
785;68;4;4;1.09;44.15;5;17.7;0.93;5;0;1;1;1
786;50;3;3;1.16;34.84;4;2.27;0.81;1;1;1;1;1
787;37;5;5;1.14;57.64;1;17.71;0.89;24;0;1;1;1
788;58;5;5;1.06;53.01;1;10.9;0.84;14;0;0;0;1
789;48;4;4;1.13;45.92;1;10.74;0.82;17;0;0;0;0
790;35;4;4;1.02;41.8;4;7.78;0.88;16;0;0;0;0
791;21;4;4;1.2;48.7;4;4.87;0.92;10;0;1;1;1
792;54;1;4;1.11;11.12;3;16.26;0.8;15;0;0;0;0
793;22;4;4;1.03;41.9;4;7.42;0.95;10;0;1;1;1
794;21;4;4;1.01;40.87;2;18.85;0.97;24;0;0;0;0
795;64;5;5;1.05;52.81;5;14.87;0.88;20;0;0;0;0
796;54;4;1;1.09;44.44;2;11.38;0.88;4;0;1;1;1
797;21;5;2;1.13;56.52;2;19.23;0.96;6;1;1;1;1
798;65;2;2;1.03;20.91;1;19.98;0.99;7;0;1;1;0
799;66;4;5;1.12;45.06;3;5.59;0.87;22;0;0;0;0
800;19;5;5;1.02;51.54;4;1.86;0.99;24;0;0;0;0
801;61;3;3;1.13;34.84;1;15.54;0.93;18;0;0;0;0
802;57;1;1;1.19;12.64;3;11.97;1;5;0;1;1;0
803;34;2;5;1.11;22.84;2;8.19;0.98;11;0;1;1;0
804;57;4;4;1.2;48.05;4;7.36;0.87;12;0;1;1;1
805;55;5;1;1.07;54.23;2;11.47;0.91;10;0;0;0;1
806;29;2;2;1.19;24.38;2;11.75;0.98;18;0;1;0;0
807;25;4;4;1.12;45.74;5;3.48;0.88;20;0;0;0;0
808;47;1;1;1.12;12.05;3;16.43;0.87;24;0;0;0;0
809;68;2;2;1.02;20.94;4;11.32;0.98;14;0;1;0;0
810;60;3;3;1;30.78;5;14.5;0.97;15;0;0;0;0
811;61;3;3;1.18;35.99;2;10.37;0.92;16;0;1;0;0
812;31;3;3;1.06;31.96;1;16.32;0.89;21;0;0;0;0
813;25;3;4;1.16;35.39;4;5.88;0.88;7;0;1;1;0
814;62;5;5;1.2;60.04;4;5.15;0.84;3;1;1;1;1
815;69;3;3;1.14;34.9;1;11.58;0.89;7;0;1;1;1
816;22;4;4;1.11;44.89;1;3.67;0.96;19;0;0;0;0
817;63;2;1;1.13;23.12;5;17.13;0.92;5;0;1;1;0
818;18;3;3;1.08;32.47;2;13.61;0.83;4;0;1;1;1
819;69;1;1;1.12;12.06;4;5.6;0.94;9;0;1;1;0
820;58;2;2;1.17;23.46;5;20.59;0.8;16;0;0;0;0
821;31;3;5;1.13;34.52;1;1.72;0.98;19;0;0;0;0
822;32;5;5;1.02;51.61;3;12.26;0.96;3;0;1;1;1
823;40;1;1;1.16;12.11;4;2.81;0.93;3;0;1;1;0
824;51;1;1;1.18;12.4;5;9.49;0.99;6;0;1;1;0
825;65;4;4;1.13;45.68;3;18.89;0.95;17;0;0;0;0
826;62;4;3;1.16;46.88;1;11.47;0.97;19;0;0;0;0
827;53;1;5;1.07;11.33;3;8.28;0.94;16;0;0;0;0
828;58;4;4;1.08;43.76;3;16.12;0.96;22;0;0;0;0
829;38;2;4;1.02;21.33;5;14.36;0.93;18;0;0;0;0
830;30;3;3;1.17;35.27;1;2.63;0.84;15;0;1;1;0
831;67;1;1;1.09;11.55;3;3.7;0.85;22;0;0;0;0
832;59;1;1;1;10.05;4;14.51;0.95;16;0;0;0;0
833;52;1;2;1.03;10.42;3;20.12;0.93;13;0;0;0;0
834;67;5;4;1.01;51.42;2;14.66;0.91;14;0;0;0;1
835;63;5;5;1.19;59.83;5;11.02;0.83;22;0;1;1;1
836;45;5;3;1.03;51.77;1;14.13;0.89;18;0;0;0;0
837;53;2;2;1.07;21.81;5;9.93;0.91;9;0;1;1;0
838;70;1;1;1.2;12.74;4;11.46;0.94;14;0;0;0;0
839;52;5;5;1.12;56.46;2;4.74;0.8;8;1;1;1;1
840;34;5;2;1.17;58.96;5;18.25;0.84;9;1;1;1;1
841;27;2;2;1.07;22.27;1;16.76;0.82;14;0;1;0;0
842;47;5;5;1.14;57.08;1;12.69;0.94;8;1;1;1;1
843;34;4;4;1.15;46.41;2;5.21;0.98;19;0;0;0;0
844;64;4;3;1.16;47.1;2;16.47;0.99;3;0;1;1;1
845;52;4;4;1.12;45.76;5;18.34;0.81;22;0;0;0;0
846;63;4;4;1.02;41.69;5;10.69;0.95;19;0;0;0;0
847;41;1;1;1.16;11.92;2;20.16;0.81;11;1;1;1;1
848;66;4;4;1.18;47.47;4;15.44;0.82;12;0;1;1;1
849;27;2;2;1.05;21.2;3;20.68;0.82;9;0;1;1;0
850;40;2;2;1.19;24.33;3;4.38;0.81;7;0;1;1;0
851;35;2;2;1.07;21.99;4;18.1;0.93;1;0;1;1;0
852;41;5;5;1.1;55.07;3;15;0.82;11;0;0;0;1
853;39;2;2;1.1;22.06;5;20.23;0.9;21;0;0;0;0
854;53;2;2;1.08;22.1;1;16.87;0.8;2;0;1;1;0
855;33;1;1;1.14;12.27;3;16.62;0.88;8;0;1;1;0
856;46;5;5;1.07;54.3;5;3.45;0.87;6;0;1;1;1
857;62;5;5;1.09;54.87;3;7.36;0.99;5;0;1;1;1
858;22;5;5;1.04;52.55;4;17.95;0.82;4;0;1;1;1
859;51;2;2;1.09;22.68;3;2.86;0.94;8;0;1;1;0
860;27;2;2;1.2;24.6;1;6.61;0.82;17;0;0;0;0
861;34;5;5;1.07;53.53;2;2.41;0.82;24;0;0;0;0
862;21;1;1;1.18;11.99;2;2.16;0.81;2;1;1;1;1
863;21;3;3;1.16;35.54;4;3.08;0.92;23;0;0;0;0
864;26;5;5;1.19;60.28;3;19.89;0.93;8;0;1;1;1
865;47;3;3;1.08;32.42;1;12.95;0.83;6;0;1;1;1
866;26;1;1;1.17;11.92;4;9.62;0.98;4;0;1;1;0
867;43;1;1;1.15;12.45;3;15.24;0.93;7;0;1;1;0
868;19;3;3;1.12;34.28;4;8.19;0.84;3;0;1;1;1
869;30;2;2;1.2;24.19;3;4.2;0.81;19;0;0;0;0
870;56;4;4;1.08;43.86;1;12.02;0.93;16;0;1;0;0
871;62;1;5;1.04;11.16;4;3.91;0.88;24;0;0;0;0
872;46;1;1;1.08;11.37;4;9.43;0.85;9;0;0;1;0
873;51;2;2;1.19;23.81;5;16.99;0.95;17;0;1;0;0
874;58;1;1;1.14;11.5;5;10.15;0.87;9;0;0;0;0
875;41;4;4;1.05;42.69;3;14.99;0.85;15;0;0;0;0
876;54;1;1;1.13;12.08;1;14;0.95;6;1;1;1;1
877;43;2;2;1.11;22.32;3;12.26;0.86;8;0;1;1;0
878;59;5;5;1.02;51.75;4;15.64;0.96;19;0;0;0;0
879;21;2;2;1.03;21.5;2;7.12;0.96;3;1;1;1;1
880;69;3;3;1.15;34.81;4;11.11;0.92;12;0;1;1;0
881;69;4;4;1.18;47.44;5;9.86;0.9;8;0;0;1;0
882;35;3;3;1.07;32.42;3;8.46;0.98;17;0;1;0;0
883;65;1;1;1.16;11.99;2;6.73;0.92;6;1;1;1;1
884;67;1;1;1.14;12;3;8.3;0.93;7;0;1;1;0
885;31;3;3;1.05;31.56;1;5.41;0.81;17;0;0;0;0
886;70;4;4;1.14;46.43;2;3.48;0.89;19;0;0;0;0
887;39;4;4;1;40.88;3;1.81;0.92;5;0;1;1;1
888;59;4;4;1.1;44.81;2;8.12;0.84;2;0;1;1;1
889;66;5;4;1.09;54.78;2;18.31;0.89;6;0;1;1;1
890;21;1;1;1.14;12.06;2;4.1;0.86;16;1;1;1;1
891;35;3;3;1.01;31.02;1;4.97;0.81;2;1;1;1;1
892;33;5;1;1.05;53.22;1;13.7;0.98;8;0;1;1;1
893;43;2;5;1.2;24.86;5;2.91;0.98;12;0;1;1;0
894;59;4;4;1.13;46.16;5;15.91;0.86;22;0;0;0;0
895;24;3;2;1.03;31.84;1;19.72;0.88;17;0;0;0;0
896;53;4;4;1.02;41.4;5;4.14;0.82;3;0;1;1;1
897;54;2;2;1.04;21.15;5;6.71;1;6;0;1;1;0
898;45;3;4;1.16;35.01;1;10.4;0.81;21;0;0;0;0
899;33;1;1;1.19;12.69;3;15.58;0.94;16;0;0;0;0
900;30;1;1;1.06;10.89;5;9.63;0.8;17;0;0;0;0
901;27;5;5;1.18;59.89;5;17.53;0.93;20;1;1;1;1
902;34;2;2;1.01;20.6;2;7.85;0.93;6;0;1;1;0
903;62;3;3;1.2;36.39;3;4.45;0.81;14;0;0;0;0
904;70;5;5;1.06;53.97;2;9.94;0.96;19;0;0;0;0
905;68;3;3;1.18;36.4;4;12.13;0.97;12;0;0;0;0
906;25;4;4;1.08;44.06;2;7.3;0.84;7;0;1;1;1
907;61;1;1;1.07;10.73;3;2.13;0.89;19;0;0;0;0
908;23;5;4;1.12;56.89;2;15.17;0.87;9;0;1;1;1
909;37;2;2;1.01;20.79;4;12.7;0.81;9;0;1;1;0
910;52;3;3;1.08;32.77;5;3.42;0.99;12;0;0;1;0
911;62;4;3;1.09;44.2;1;12.18;0.89;5;0;1;1;1
912;21;4;4;1.06;43.29;1;10.32;0.88;9;0;1;1;1
913;41;2;2;1.08;22.33;4;2.09;0.88;18;0;0;0;0
914;63;1;1;1.02;10.6;1;10.26;0.92;18;0;0;0;0
915;68;5;5;1.01;51.09;3;12.27;0.91;15;0;0;0;0
916;56;3;3;1.16;35.07;3;19.78;0.87;15;0;1;0;0
917;56;3;3;1.19;36.01;3;10.87;0.83;1;1;1;1;1
918;40;1;1;1.05;11.45;2;8.12;0.87;3;0;1;1;0
919;20;3;3;1.19;35.87;2;18.04;0.9;7;0;1;1;1
920;26;1;1;1.12;11.61;5;8.48;0.82;19;0;0;0;0
921;41;1;3;1.14;12.02;4;4.67;0.93;10;0;1;0;0
922;37;5;3;1.11;56.34;4;20.58;0.86;15;1;1;1;1
923;22;3;3;1.1;33.41;5;7.28;0.87;18;0;0;0;0
924;41;5;5;1.07;53.76;5;4.73;0.92;15;0;0;0;1
925;47;3;3;1.09;33.7;3;20.65;0.92;15;0;0;0;0
926;34;4;1;1.03;41.43;3;16.3;0.97;19;0;1;0;0
927;18;1;1;1.03;10.86;1;14.42;0.92;1;0;1;1;0
928;40;5;5;1.17;59.19;1;8.42;0.91;1;1;1;1;1
929;33;3;3;1;30.93;1;18.78;0.84;4;0;1;1;0
930;55;5;5;1.01;50.61;1;1.23;0.95;5;0;1;1;1
931;44;1;1;1.16;12.38;3;20.88;0.87;24;0;0;0;0
932;21;5;5;1.03;51.75;3;6.47;0.98;16;0;0;0;1
933;18;1;1;1.14;12.07;1;6.88;0.97;16;1;1;1;1
934;30;5;5;1.06;53.87;5;12.63;0.98;24;0;0;0;0
935;28;3;3;1.14;34.79;2;15.1;0.93;15;0;1;0;0
936;58;2;2;1.07;22.2;2;18.01;0.98;1;0;1;1;0
937;40;3;2;1.05;32.06;4;3.92;0.97;9;0;1;1;1
938;57;5;5;1.04;52.85;5;6.06;0.91;15;0;0;0;1
939;52;5;5;1.09;54.8;2;11.69;0.85;24;0;0;0;0
940;49;1;1;1.07;11.63;3;20.26;0.95;19;0;0;0;0
941;30;4;4;1.16;46.8;4;6.77;0.96;21;0;0;0;0
942;19;4;4;1.06;42.68;2;6.03;0.93;5;0;1;1;1
943;33;2;2;1.15;23.66;5;1.06;0.88;15;0;1;1;0
944;50;1;5;1.16;12.59;4;3.91;0.85;9;0;1;1;0
945;52;2;2;1.11;22.38;4;8.73;0.97;18;1;0;0;0
946;20;2;2;1.14;23.06;3;5.74;0.95;20;0;0;0;0
947;52;4;4;1.03;41.76;3;10.6;0.92;20;0;0;0;0
948;70;2;2;1.07;22.26;3;14.79;0.92;20;1;0;0;0
949;18;3;5;1.07;32.76;1;20.31;0.95;5;0;1;1;1
950;22;3;3;1.12;34.34;4;1.55;0.88;18;0;0;0;0
951;69;2;2;1.14;23.07;1;12.67;0.9;5;1;1;1;0
952;62;2;1;1.08;21.66;1;15.83;0.94;13;0;0;0;0
953;64;3;3;1.14;34.57;2;19.99;0.85;20;0;0;0;0
954;32;5;5;1.08;54.86;3;13.43;0.88;1;0;1;1;1
955;61;5;5;1.11;55.83;5;10.07;0.9;16;1;1;1;1
956;31;1;1;1.02;10.28;2;11.31;0.98;2;0;1;1;0
957;61;3;3;1.12;33.64;3;20.58;0.83;15;0;0;0;0
958;45;4;4;1.08;43.7;2;6.69;0.98;18;0;0;0;0
959;47;5;5;1.1;55.78;3;4.12;0.84;4;0;1;1;1
960;24;5;5;1.11;56.29;5;11.53;0.96;17;1;1;1;1
961;42;1;1;1.06;11.31;5;5.75;0.94;6;0;1;1;0
962;50;3;1;1.19;36.49;3;10.24;0.93;1;1;1;1;1
963;43;4;4;1.17;47.09;1;11.56;0.98;7;0;1;1;1
964;41;2;2;1.2;24.91;5;10.73;0.87;16;0;0;0;0
965;40;3;3;1.19;36.05;1;20.24;0.93;2;0;1;1;1
966;65;5;5;1.08;54.59;1;3.67;0.84;4;0;1;1;1
967;43;4;4;1.02;41.52;4;6.09;0.84;22;0;0;0;0
968;21;5;5;1.02;51.11;2;15.69;0.83;17;0;0;0;0
969;19;4;4;1.02;41.67;4;13.4;0.84;9;0;1;1;1
970;62;3;3;1.04;32.17;5;1.32;0.83;7;0;1;1;0
971;55;3;3;1.11;34.1;4;8.99;0.8;21;0;0;0;0
972;26;5;5;1.16;58.61;1;8.62;0.89;10;0;1;1;1
973;70;3;3;1.18;35.52;4;3.85;0.89;3;0;1;1;1
974;21;2;2;1.08;22.34;1;15.43;0.84;15;0;1;0;0
975;28;4;4;1.18;47.93;4;8.6;0.85;7;0;1;1;1
976;60;1;1;1.07;11.32;1;13.43;0.99;2;1;1;1;1
977;21;2;2;1.05;21.56;4;9.5;0.9;17;0;1;0;0
978;34;4;2;1.05;42.93;4;6.67;0.87;10;0;1;1;1
979;68;1;1;1.09;10.97;2;11.23;0.93;16;1;1;1;1
980;49;2;2;1.19;23.97;4;1.06;0.85;2;0;1;1;0
981;20;4;4;1.02;40.84;4;20.02;0.94;23;0;0;0;0
982;56;2;2;1.14;23.06;4;14.92;0.81;4;0;1;1;0
983;39;2;2;1.12;22.57;4;20.83;0.89;3;0;1;1;0
984;69;3;3;1.17;35.46;3;17.59;0.95;16;0;0;0;0
985;45;3;3;1.02;30.82;3;3.36;0.98;3;0;1;1;0
986;54;3;3;1.08;32.58;2;10.41;0.98;20;0;0;0;0
987;63;3;3;1.12;33.81;2;3.47;0.86;7;0;1;1;0
988;41;4;4;1.06;42.58;1;16.97;0.99;8;0;1;1;1
989;64;3;1;1.07;33;3;10.74;0.95;18;0;0;0;0
990;38;4;4;1.1;44.12;5;15.77;1;21;0;0;0;0
991;19;3;3;1.06;32.62;4;17.58;0.84;1;0;1;1;1
992;30;4;1;1.06;43.03;5;14;0.85;10;0;1;1;1
993;20;1;1;1.14;11.76;5;11.99;0.85;7;0;1;1;0
994;34;4;4;1.17;47.76;1;12.77;1;3;0;1;1;1
995;27;3;3;1.07;33.08;2;13.12;0.91;10;0;1;1;0
996;27;1;1;1.16;12.17;3;3.28;0.81;6;0;1;1;0
997;34;4;4;1.18;47.8;3;8.63;0.86;5;0;1;1;1
998;19;4;4;1.18;47.53;5;9.16;1;9;0;1;1;1
999;44;4;5;1.19;47.61;4;4.33;0.84;12;0;0;1;1
1000;65;1;1;1.06;10.88;1;10.87;0.84;13;1;1;1;1
1001;52;5;5;1.14;57.79;3;10.05;0.87;5;1;1;1;1
1002;31;1;1;1.01;10.16;5;11.08;0.99;15;0;1;0;0
1003;33;5;5;1.19;60.18;3;6.47;0.83;23;0;1;1;1
1004;54;5;4;1.17;58.73;3;6.98;0.92;21;1;1;1;1
1005;32;4;4;1.11;44.79;5;2.46;0.86;22;0;0;0;0
1006;24;4;4;1.07;42.84;3;6.96;0.95;15;0;0;0;0
1007;19;4;4;1.12;45.61;3;20.43;0.87;19;1;0;0;0
1008;33;4;4;1;40.72;5;3.27;0.98;17;0;0;0;0
1009;57;1;1;1.16;11.79;2;1.07;0.83;4;1;1;1;1
1010;43;3;3;1.17;35.63;1;3.72;0.87;5;0;1;1;1
1011;49;4;4;1.16;46.61;4;9.1;0.83;14;0;0;0;1
1012;24;4;4;1.08;44.04;1;4.22;0.9;14;1;1;0;0
1013;20;2;2;1.12;22.68;1;4.1;0.88;9;0;1;1;0
1014;27;3;3;1.15;35.03;1;11.53;0.96;22;0;0;0;0
1015;64;4;4;1.09;44.08;3;16.24;0.93;12;0;0;0;1
1016;25;1;1;1.08;11.05;2;20.95;0.85;7;1;1;1;1
1017;37;2;2;1.15;23.7;5;17.27;0.8;22;0;0;0;0
1018;55;3;3;1.11;33.31;5;6.74;0.8;23;0;0;0;0
1019;46;2;1;1.06;22.02;4;1.46;0.89;1;1;1;1;0
1020;29;1;1;1.16;11.81;3;6.44;0.82;1;0;1;1;0
1021;31;5;5;1.19;59.58;5;11.76;0.99;2;1;1;1;1
1022;48;3;3;1.02;30.73;3;10.64;0.91;6;0;1;1;0
1023;60;1;1;1.2;12.92;4;2.33;0.87;16;0;0;0;0
1024;61;4;4;1.15;46.55;3;13.78;0.86;13;0;0;0;0
1025;65;1;1;1.05;10.78;4;17.92;0.83;11;0;0;1;0
1026;36;2;2;1.08;21.92;5;17.51;0.85;13;0;1;1;0
1027;50;4;1;1.2;48.48;3;14.05;0.87;23;0;0;0;0
1028;25;3;3;1.09;32.78;1;19.4;0.91;2;1;1;1;1
1029;51;1;1;1.07;11.24;3;14.38;0.81;23;0;0;0;0
1030;20;2;2;1.11;23.1;1;20.93;0.84;1;1;1;1;1
1031;26;4;4;1.08;44.19;1;4.61;0.83;15;1;0;0;0
1032;24;3;3;1.19;36.52;1;4.81;0.86;5;0;1;1;1
1033;24;4;4;1.1;44;2;6.65;0.92;16;0;0;0;0
1034;49;5;4;1.15;58.06;4;19.81;0.87;7;1;1;1;1
1035;19;4;4;1.04;42.17;5;1.93;0.83;22;0;0;0;0
1036;70;3;4;1.06;32.13;1;4.78;0.92;1;0;1;1;1
1037;38;5;5;1.13;56.56;1;12.99;0.83;12;1;1;1;1
1038;57;5;5;1.17;59.36;2;18.85;0.84;10;1;1;1;1
1039;42;5;5;1.14;57.48;1;8.42;0.83;5;1;1;1;1
1040;68;4;4;1.09;43.76;1;17.84;0.92;11;0;0;1;1
1041;40;1;1;1.13;11.36;1;12.38;0.81;16;1;1;1;1
1042;58;1;3;1.07;10.85;3;12.15;0.83;16;0;0;0;0
1043;28;2;2;1.04;20.81;3;12.88;0.91;14;0;0;0;0
1044;56;2;3;1;20.63;2;17.28;0.95;5;0;1;1;0
1045;70;2;2;1;20.74;4;10.53;0.86;2;0;1;1;0
1046;35;4;1;1.19;48.13;2;3.29;0.83;15;0;1;1;1
1047;70;1;1;1.04;10.43;4;17.11;0.81;20;0;0;0;0
1048;66;4;3;1.15;46.07;5;16.58;0.98;24;0;0;0;0
1049;40;4;4;1.17;47.14;5;17.32;0.86;23;0;0;0;0
1050;23;5;5;1.03;51.6;5;5.13;0.82;5;0;1;1;1
1051;43;2;2;1.19;23.86;2;15.62;0.89;21;0;0;0;0
1052;36;3;3;1.14;34.48;4;20.08;0.93;24;0;0;0;0
1053;33;2;2;1.2;24.82;3;10.2;0.82;9;0;1;1;0
1054;28;2;2;1.03;21.17;4;4.93;0.96;1;0;1;1;0
1055;44;5;5;1.01;51.31;2;1.67;0.81;18;0;0;0;0
1056;36;5;5;1.17;59.29;4;18.16;0.89;18;1;1;1;1
1057;40;4;4;1.15;46.19;1;7.88;0.92;8;0;0;1;1
1058;25;2;2;1.06;21.4;1;15.92;0.93;2;0;1;1;1
1059;27;2;2;1.17;24;3;15.26;0.92;8;0;1;1;0
1060;34;3;3;1.08;32.83;1;14.13;0.9;17;0;0;0;0
1061;41;4;4;1.08;43.58;4;18.8;0.82;7;0;1;1;1
1062;61;4;4;1.02;41.53;2;7.15;0.95;5;0;1;1;0
1063;70;5;4;1.07;54.04;1;15.46;0.88;3;0;1;1;1
1064;36;4;4;1.08;43.49;5;19.57;0.83;5;0;1;1;1
1065;33;1;1;1.03;11.16;1;1.4;0.98;24;0;0;0;0
1066;34;5;5;1.15;57.98;4;4.3;0.85;4;1;1;1;1
1067;66;5;5;1.08;54.53;1;15.22;0.98;14;0;0;0;1
1068;59;5;5;1.14;57.6;5;19.12;0.85;9;1;1;1;1
1069;30;5;5;1.19;60.14;5;13.01;0.82;14;1;1;1;1
1070;23;3;3;1.16;35.18;4;17.01;0.81;8;0;1;1;0
1071;59;1;1;1.19;12.51;3;19.26;0.97;3;0;1;1;0
1072;67;3;3;1.15;35.44;1;7.19;0.92;14;0;1;0;0
1073;53;5;5;1.11;55.76;5;20.67;0.81;14;1;1;1;1
1074;60;4;4;1;40.95;5;3.57;0.93;10;0;1;1;0
1075;56;2;2;1.2;24.84;3;9.36;0.8;24;0;0;0;0
1076;22;5;5;1.08;54.51;4;18.05;0.93;4;0;1;1;1
1077;55;5;5;1.09;55.41;1;12.84;0.99;16;0;0;0;0
1078;26;3;3;1.04;31.31;2;18.05;0.96;19;0;0;0;0
1079;36;2;2;1.12;23.34;1;6.77;0.98;2;1;1;1;1
1080;21;5;5;1.2;60.56;2;5.28;0.95;23;1;1;1;1
1081;36;5;5;1.18;59.76;3;5.63;0.86;9;1;1;1;1
1082;27;2;2;1.06;21.54;5;13.49;0.88;6;0;1;1;0
1083;55;5;5;1.09;55.06;1;8.52;0.82;9;0;1;0;1
1084;54;5;1;1.04;52.25;4;1.63;0.8;13;0;0;0;1
1085;29;2;2;1.03;20.97;5;4.27;0.89;20;0;0;0;0
1086;68;4;5;1.08;43.68;1;14.12;0.94;24;0;0;0;0
1087;22;1;2;1.11;11.15;3;4.84;0.86;11;0;0;1;0
1088;22;1;2;1.12;11.32;4;8.18;0.89;3;0;1;1;0
1089;64;4;4;1.01;41.32;4;2.08;0.8;5;0;1;1;1
1090;35;3;3;1.11;34.26;2;14.61;0.82;20;0;0;0;0
1091;24;4;4;1.17;47.1;5;4.87;0.85;14;0;1;0;1
1092;61;3;5;1.14;34.51;5;7.89;0.93;10;0;1;1;0
1093;43;5;5;1.19;59.84;3;20.05;0.84;19;1;1;1;1
1094;67;3;3;1.12;33.73;4;5.61;0.86;23;0;0;0;0
1095;38;1;2;1;10.13;5;2.44;0.84;6;0;1;1;0
1096;55;1;1;1.04;10.63;2;15.82;0.88;8;0;1;1;0
1097;63;1;1;1.06;11.38;4;1.23;0.94;18;0;0;0;0
1098;41;5;5;1.11;55.7;2;7.07;0.91;14;1;1;1;1
1099;24;2;2;1.14;23.2;1;10.62;0.94;17;0;0;0;0
1100;36;2;4;1.15;23.45;2;3.51;0.8;22;0;0;0;0
1101;49;4;4;1.05;42.83;5;3.89;0.98;11;0;0;1;0
1102;49;1;2;1.11;11.28;3;13.08;0.84;14;0;0;0;0
1103;43;4;4;1.14;45.64;1;1.75;0.86;5;0;1;1;1
1104;60;5;5;1.08;54.3;1;4.87;0.99;10;0;1;1;1
1105;59;3;3;1.01;30.61;4;3.86;0.86;14;0;1;0;0
1106;47;2;2;1.01;20.64;2;12.88;0.81;15;0;0;0;0
1107;20;4;4;1.15;46.55;2;5.15;0.94;20;0;0;0;0
1108;26;3;3;1;30.42;3;1.34;0.82;8;1;1;1;1
1109;53;3;3;1.12;34.49;3;8.16;0.84;9;0;1;1;0
1110;24;3;3;1.07;32.43;5;20.57;0.92;13;0;1;1;0
1111;49;4;4;1.17;47.28;4;14.97;0.99;4;0;1;1;1
1112;41;2;2;1.1;22.42;5;3.02;0.87;5;0;1;1;0
1113;46;5;5;1;50.7;1;11.68;0.92;7;0;1;1;1
1114;63;4;4;1.2;48.24;2;9.76;0.9;6;0;1;1;1
1115;19;1;1;1.12;11.46;1;1.35;0.82;24;1;1;1;0
1116;45;3;3;1.02;31.44;4;11.27;0.98;12;0;0;1;0
1117;51;1;1;1.17;12.37;1;1.3;0.94;4;1;1;1;1
1118;37;3;3;1.01;31.01;2;8.16;0.95;17;0;0;0;0
1119;31;3;3;1.17;35.52;5;16.01;1;6;0;1;1;1
1120;70;3;3;1.01;31.24;1;5.14;0.86;1;0;1;1;0
1121;68;4;4;1.03;41.84;1;17.94;0.99;24;0;0;0;0
1122;38;4;4;1.18;47.86;1;1.21;0.8;12;0;0;1;0
1123;64;4;4;1.03;41.42;5;7.5;0.93;14;0;0;0;0
1124;22;4;4;1.17;47.34;4;15.85;1;5;0;1;1;1
1125;62;5;5;1.17;59.29;4;4.1;0.83;12;1;1;1;1
1126;20;1;1;1.05;10.76;5;14.95;0.84;10;0;1;1;0
1127;48;5;5;1.18;59.32;1;8;0.86;12;1;1;1;1
1128;35;4;4;1.15;46.8;3;17.12;0.92;4;0;1;1;1
1129;34;5;3;1.04;52.71;5;16.32;0.97;20;0;0;0;0
1130;51;5;5;1.17;58.85;2;16.23;0.84;22;1;1;1;1
1131;41;4;4;1.15;46.36;4;8.14;0.82;1;0;1;1;1
1132;30;3;5;1.06;32.01;4;6.84;0.89;3;0;1;1;1
1133;45;3;3;1.1;33.71;2;13.19;0.97;4;0;1;1;0
1134;61;1;5;1.02;10.93;5;17.48;0.89;10;0;0;0;0
1135;18;5;5;1.2;60.46;4;15.13;0.96;5;1;1;1;1
1136;62;3;3;1.05;32.06;5;20.7;0.87;24;0;0;0;0
1137;34;3;3;1.09;33.46;5;13.67;0.8;10;0;1;1;1
1138;26;2;2;1.12;22.72;3;15.5;0.93;17;0;0;0;0
1139;44;5;5;1.13;57.05;3;15.32;0.96;8;1;1;1;1
1140;43;2;2;1.06;21.39;3;10.02;0.88;8;0;1;1;0
1141;58;1;1;1.1;11.68;2;8.91;0.95;2;1;1;1;1
1142;46;1;1;1.08;11.01;3;2.78;0.95;10;0;1;1;0
1143;34;1;1;1.2;12.74;5;3.31;0.86;21;0;0;0;0
1144;25;2;2;1.03;21.35;4;13.78;0.97;16;0;1;0;0
1145;67;3;1;1.02;30.95;5;16.51;0.88;19;0;0;0;0
1146;44;2;2;1.17;23.46;3;10.96;0.94;24;0;0;0;0
1147;61;1;4;1.06;10.8;3;20.16;0.85;2;0;1;1;0
1148;27;3;3;1.02;31.23;3;20.43;0.99;20;0;0;0;0
1149;22;1;3;1.1;11.42;2;1.88;0.95;17;1;1;1;1
1150;63;1;4;1.04;10.51;1;5.87;0.86;16;0;0;0;0
1151;18;3;3;1.02;31.02;5;8.79;0.88;9;0;1;1;0
1152;21;2;2;1.19;23.8;2;13.06;0.9;12;0;1;1;0
1153;51;4;4;1.16;46.62;1;13.43;0.91;21;0;0;0;0
1154;29;5;1;1.08;54.22;2;16.09;0.83;5;0;1;1;1
1155;20;4;2;1.08;43.39;4;7.8;0.87;24;0;0;0;0
1156;57;4;4;1.05;42.9;3;16.54;0.81;23;0;0;0;0
1157;70;3;3;1.17;35.25;1;10.35;0.98;10;0;1;1;0
1158;62;2;2;1.03;21.07;2;2.2;0.91;22;0;0;0;0
1159;28;2;2;1.08;21.75;1;16.56;0.92;6;0;1;1;0
1160;19;1;1;1.05;10.52;5;13.43;0.9;14;0;0;1;0
1161;25;1;1;1.13;12.19;5;8.7;0.87;13;0;1;1;0
1162;68;4;4;1.17;47.5;5;19.53;0.97;1;0;1;1;1
1163;61;1;1;1.11;11.37;2;7.48;0.83;24;1;1;1;0
1164;28;5;5;1.03;52.05;5;14.9;0.91;16;0;0;0;0
1165;28;2;2;1.05;21.27;1;13.26;0.98;9;0;1;1;0
1166;55;2;4;1.13;23.16;4;16.33;0.84;10;0;1;1;0
1167;49;3;3;1.2;36.64;2;7.01;0.92;21;0;0;0;0
1168;52;1;4;1.18;12.26;3;14.45;0.94;10;0;1;1;0
1169;69;2;2;1.01;20.93;1;20.89;0.86;16;0;0;0;0
1170;27;4;4;1.04;42.37;3;3.13;0.82;4;0;1;1;1
1171;60;2;2;1.02;20.97;3;2.56;0.93;3;0;1;1;0
1172;40;3;1;1.04;32.02;5;19.61;0.87;15;0;0;1;0
1173;53;3;3;1.05;32.11;1;11.61;0.81;11;0;1;1;0
1174;52;1;1;1.07;11.6;2;4.64;0.83;24;0;0;0;0
1175;19;4;2;1.07;43.74;4;1.47;0.81;13;0;1;1;0
1176;48;1;1;1.12;11.83;5;3.28;0.91;18;0;0;0;0
1177;51;1;1;1.17;12.43;5;9.98;0.96;7;0;1;1;0
1178;56;1;4;1.18;12.26;1;16.32;0.99;24;0;1;1;0
1179;54;3;3;1.14;34.72;4;5.41;0.99;6;0;1;1;0
1180;54;5;5;1.06;53.02;5;11.9;0.87;2;0;1;1;1
1181;40;1;1;1.14;11.98;5;4.14;0.81;1;1;1;1;0
1182;24;1;1;1.07;11.47;5;20.31;0.95;21;0;0;0;0
1183;21;2;2;1.08;21.71;4;17.85;0.85;17;0;0;0;0
1184;53;4;4;1.07;43.04;5;17.17;0.81;12;0;0;0;0
1185;23;5;5;1.07;53.81;4;16.43;0.95;17;0;0;0;0
1186;62;2;1;1.04;21.21;4;16.25;0.96;2;0;1;1;0
1187;19;5;5;1.01;51.06;1;5.59;0.82;18;0;0;0;0
1188;56;4;4;1.16;47.12;3;15.12;0.9;20;0;0;0;0
1189;62;3;3;1.12;34.23;3;20.34;0.97;18;0;0;0;0
1190;24;3;3;1.08;33;2;12.68;0.92;12;0;1;1;0
1191;54;1;1;1.16;11.84;2;14.22;0.96;20;0;0;0;0
1192;51;2;2;1.18;24.09;3;1.84;0.98;19;0;1;0;0
1193;27;2;2;1.11;23.02;4;12.76;0.82;5;0;1;1;0
1194;53;3;3;1.01;31.23;1;8.71;0.89;12;0;1;1;0
1195;30;2;2;1.07;22.14;4;5.34;0.82;12;0;1;1;0
1196;30;3;3;1.1;33.52;3;19.04;0.87;24;0;0;0;0
1197;19;5;1;1.03;51.77;1;4.94;0.93;17;0;1;0;1
1198;41;4;4;1.08;43.66;4;15.12;0.94;8;0;1;1;1
1199;53;4;4;1.08;43.47;1;16.23;0.94;17;0;0;0;0
1200;39;3;5;1.17;35.87;5;11.32;0.94;11;0;1;1;0
1201;46;4;4;1.09;44.17;2;3.41;0.9;10;0;0;1;1
1202;45;5;3;1.18;59.5;1;2.18;0.91;16;1;1;1;1
1203;27;3;3;1.13;34.06;4;6.06;0.83;3;1;1;1;1
1204;45;4;4;1.01;41.13;3;20.92;0.9;22;0;0;0;0
1205;44;1;1;1.13;11.48;1;3.47;0.85;24;1;1;1;1
1206;50;4;4;1.18;47.27;4;14.8;0.87;22;0;0;0;0
1207;45;2;2;1.01;21.1;3;16.03;0.84;22;0;0;0;0
1208;35;1;1;1.09;11.84;3;11.48;0.92;1;1;1;1;0
1209;64;1;3;1.05;10.94;3;12.04;0.95;14;0;0;0;0
1210;51;4;5;1.09;44.02;3;15.36;0.88;12;0;0;0;1
1211;34;5;5;1.09;55.31;1;4.03;0.91;22;0;0;0;0
1212;59;3;3;1.08;33.26;2;16.06;0.81;5;0;1;1;0
1213;47;1;2;1.18;11.84;3;16.08;0.84;22;0;0;0;0
1214;40;1;1;1.09;11.53;5;19.51;0.8;18;0;0;0;0
1215;31;1;1;1.05;11.28;1;4.97;0.98;15;0;0;0;0
1216;70;4;4;1.11;45.21;1;16.53;0.81;6;0;1;1;0
1217;51;5;5;1.09;55.2;3;7.5;0.93;2;0;1;1;1
1218;35;2;2;1.15;23.25;3;18.48;0.85;24;0;0;0;0
1219;50;2;2;1.11;22.41;1;5.87;0.96;22;0;0;0;0
1220;21;3;3;1.01;31.13;1;17.44;0.86;20;0;0;0;0
1221;70;2;2;1.09;21.9;4;17.53;0.92;19;0;0;0;0
1222;42;3;3;1.05;32.17;2;16.35;0.9;19;0;0;0;0
1223;18;1;1;1.1;11.69;2;6.12;0.93;16;1;1;1;1
1224;64;5;5;1.16;58.7;5;8.13;0.93;10;1;1;1;1
1225;58;4;4;1.01;41.14;1;4.04;0.83;5;0;1;1;1
1226;48;3;3;1.12;34.37;5;20.36;0.83;3;1;1;1;1
1227;48;5;5;1.05;52.93;5;20.45;0.82;7;0;1;1;1
1228;41;2;2;1.2;24.89;2;5.56;0.92;20;0;0;0;0
1229;29;3;3;1.14;34.34;2;13.12;0.83;10;0;1;1;0
1230;45;3;3;1.07;32.47;5;17.94;0.91;14;0;1;1;0
1231;33;2;2;1.1;22.72;2;12.3;0.98;3;1;1;1;1
1232;41;4;1;1.05;42.96;2;16.64;0.81;2;0;1;1;1
1233;40;3;1;1.13;33.96;1;14.27;0.86;3;0;1;1;1
1234;27;3;3;1.11;33.83;5;20.96;0.85;23;0;0;0;0
1235;20;4;4;1.13;45.4;4;7.49;1;2;0;1;1;1
1236;65;3;3;1.03;31.86;1;11.41;0.85;16;0;0;0;0
1237;28;4;4;1.01;40.52;4;18.39;0.87;2;0;1;1;1
1238;22;2;2;1.07;22.38;4;16.78;0.96;14;0;1;1;0
1239;46;2;2;1.11;22.29;5;10.53;0.85;9;0;1;1;0
1240;46;2;2;1.08;21.9;5;8.39;0.92;1;0;1;1;0
1241;52;3;3;1.14;34.88;2;4.72;0.9;23;0;0;0;0
1242;51;3;3;1.14;34.49;4;3.85;0.81;8;0;0;0;0
1243;34;3;3;1.17;35.91;1;13.37;0.94;9;0;1;1;0
1244;52;3;3;1.06;32.36;1;9.72;0.9;9;0;1;1;0
1245;39;1;1;1.13;12.12;5;6.1;0.98;15;0;0;1;0
1246;19;3;3;1.08;32.58;5;8.71;0.92;13;0;1;1;0
1247;37;4;4;1.08;43.86;5;19.3;0.81;23;0;0;0;0
1248;38;2;2;1.09;22.33;5;4.71;0.93;14;0;1;0;0
1249;26;2;2;1.04;21.54;3;12.54;0.8;10;0;1;1;0
1250;63;4;4;1.06;43.09;1;10.34;0.96;11;0;1;0;1
1251;22;3;3;1.19;36.15;3;13.76;0.95;12;0;1;1;1
1252;56;1;1;1.05;11.37;2;19.67;0.9;14;0;1;0;0
1253;44;1;1;1.16;11.63;5;2.61;0.81;23;0;0;0;0
1254;68;4;4;1.11;44.54;3;2.91;0.86;17;0;0;0;0
1255;21;4;4;1.04;42.46;4;10.65;1;3;0;1;1;1
1256;26;2;2;1.08;22.38;4;19.03;0.97;20;0;0;0;0
1257;60;1;4;1.1;11.57;4;4.77;0.97;19;0;0;0;0
1258;24;4;4;1.01;40.44;5;1.87;0.83;13;0;1;1;0
1259;62;2;2;1.09;22.4;4;17.54;0.97;16;0;0;0;0
1260;22;4;4;1;40.02;4;4.55;0.81;12;0;1;1;0
1261;34;3;2;1.05;31.62;4;19.78;0.98;5;0;1;1;1
1262;26;5;5;1.03;51.56;4;14.01;0.9;24;0;0;0;0
1263;38;5;5;1.05;52.99;5;10.38;0.91;1;0;1;1;1
1264;35;2;2;1.03;21.31;1;10.43;0.93;20;0;0;0;0
1265;33;2;2;1.08;22.13;5;3.83;0.81;9;0;1;1;0
1266;25;2;2;1.13;23.23;1;6.8;0.92;7;0;1;1;0
1267;26;5;5;1.04;52.08;4;3.27;0.87;10;0;0;0;0
1268;67;1;1;1.12;11.27;4;12.24;0.85;23;0;0;0;0
1269;28;3;2;1.17;35.98;1;14.2;0.86;10;0;1;1;1
1270;54;4;4;1.02;40.95;4;9.24;0.84;24;0;0;0;0
1271;31;1;1;1.15;11.51;5;10.39;0.84;2;1;1;1;0
1272;63;5;5;1.06;53.19;4;2.68;0.85;16;0;0;0;0
1273;60;2;2;1.14;23.08;3;10.51;0.96;1;1;1;1;1
1274;52;5;5;1.03;51.72;1;10.04;0.92;3;0;1;1;1
1275;60;5;3;1.18;59.96;3;8.5;0.85;7;1;1;1;1
1276;55;4;3;1.06;42.55;3;14.99;0.97;2;0;1;1;1
1277;55;3;3;1.01;31;2;20.29;0.97;22;0;0;0;0
1278;40;1;1;1.17;12.27;1;19.94;0.93;1;1;1;1;1
1279;34;1;1;1.16;12.11;4;1.76;0.94;24;0;0;0;0
1280;31;2;5;1.16;23.33;2;7.47;0.8;11;0;1;1;0
1281;70;2;2;1.2;24.4;5;11.25;0.89;13;0;1;1;0
1282;24;1;1;1.16;12.51;3;19.24;0.8;19;0;0;0;0
1283;23;3;3;1.18;35.72;5;17.38;0.96;7;0;1;1;0
1284;45;2;3;1.03;21.36;1;8.27;0.8;23;0;0;0;0
1285;55;1;1;1.1;11.08;5;20.25;0.97;24;0;0;0;0
1286;28;4;1;1.19;48.15;3;4.52;0.92;16;0;0;0;1
1287;70;1;1;1.08;11.22;2;18.69;0.98;2;1;1;1;1
1288;28;4;4;1.2;48.63;2;2.35;0.84;5;0;1;1;1
1289;69;3;3;1.19;35.75;1;4.83;0.9;8;0;1;1;0
1290;47;2;2;1.08;21.65;5;11.77;0.95;18;0;0;0;0
1291;58;3;3;1.03;31.04;5;15.14;0.86;1;0;0;0;0
1292;32;4;4;1.01;41.3;4;20.26;0.85;1;0;1;1;1
1293;47;1;3;1.01;10.88;4;14.65;0.99;23;0;0;0;0
1294;66;3;3;1.1;33.63;2;5.11;0.98;3;0;1;1;1
1295;38;1;1;1.04;11.14;2;11.76;0.82;3;0;1;1;0
1296;31;1;1;1.03;10.96;5;18.46;0.91;20;0;0;0;0
1297;59;5;5;1.14;57.55;1;17.65;0.81;3;1;1;1;1
1298;66;1;1;1.2;12.79;2;17.34;0.85;2;1;1;1;1
1299;38;3;3;1.08;32.58;2;2.08;1;17;0;1;0;0
1300;41;1;1;1.01;10.29;2;10.41;0.89;13;0;0;0;0
1301;52;3;2;1.05;31.79;2;11.75;0.89;14;0;1;0;0
1302;43;5;5;1.06;53;3;10.98;0.82;14;0;0;0;1
1303;62;2;2;1.05;21.43;3;13.53;0.88;16;0;0;0;0
1304;21;5;5;1.14;57.77;4;1.18;0.87;13;1;1;1;1
1305;23;4;4;1.03;41.53;1;20.3;0.94;5;0;1;1;1
1306;54;5;5;1.14;57.25;3;20.29;0.96;10;1;1;1;1
1307;47;4;4;1.05;42.74;4;19.06;0.94;4;0;1;1;1
1308;62;3;1;1.13;34.34;1;5.15;0.98;18;0;0;0;0
1309;51;5;5;1.08;54.65;4;2.75;0.94;15;0;0;0;0
1310;30;4;4;1.03;41.47;4;20.95;0.81;17;0;0;0;0
1311;53;2;2;1.08;22.4;2;10.23;0.85;19;0;0;0;0
1312;46;5;5;1.05;53.07;3;17.85;0.81;19;0;0;0;0
1313;66;5;5;1.15;57.66;4;20.39;0.98;21;1;1;1;1
1314;31;4;4;1.04;42.4;4;12.87;0.82;2;0;1;1;1
1315;33;5;5;1;50.94;2;1.47;0.83;10;0;1;1;1
1316;52;4;4;1.07;43.21;1;4.94;0.8;7;0;1;1;1
1317;43;1;1;1.13;12.16;1;4.59;0.86;7;1;1;1;1
1318;39;5;5;1.05;52.97;1;17;0.82;18;0;0;0;0
1319;31;4;4;1.11;45.32;5;12.85;0.91;24;0;0;0;0
1320;45;2;2;1.18;24.25;3;8.47;0.97;7;0;1;1;0
1321;49;3;3;1.13;34.25;4;9.03;0.9;21;0;0;0;0
1322;21;4;4;1.13;45.44;1;16.93;0.81;16;0;0;0;0
1323;52;2;2;1.17;23.84;4;8.16;0.84;4;0;1;1;1
1324;29;1;1;1.13;11.48;1;7.14;0.85;14;1;1;1;1
1325;68;5;4;1.13;57.46;3;18.35;0.99;14;1;1;1;1
1326;51;5;1;1.12;56.56;3;9.37;0.89;11;1;1;1;1
1327;21;5;5;1.12;56.36;3;9.88;0.81;22;1;1;1;1
1328;41;2;2;1.06;21.24;2;9.21;0.91;1;0;1;1;0
1329;64;3;3;1.13;34.26;4;10.98;0.89;4;0;1;1;0
1330;42;1;1;1.11;11.6;5;4.83;0.82;21;0;0;0;0
1331;51;4;4;1.16;47.3;4;16.54;0.92;12;0;0;0;1
1332;36;3;3;1.05;31.81;3;3.52;0.82;14;0;1;0;0
1333;67;3;3;1;30.78;4;16.39;0.95;15;0;1;0;0
1334;20;1;1;1.12;11.77;5;6.62;0.94;10;0;1;1;0
1335;32;2;2;1.18;24.55;2;3.07;0.91;17;0;1;0;0
1336;27;5;5;1.05;53.3;1;8.95;0.81;12;0;0;0;0
1337;46;3;3;1.14;35.11;3;15.18;0.88;10;0;1;1;0
1338;57;4;4;1.1;44.09;4;14.49;0.82;9;0;0;1;1
1339;24;1;1;1.08;11.26;2;10.71;0.95;5;1;1;1;1
1340;57;4;5;1.06;42.4;4;4.89;0.98;3;0;1;1;1
1341;23;4;2;1.08;43.3;2;11.68;0.98;7;0;1;1;1
1342;55;2;2;1.05;21.97;4;6.67;0.86;1;0;1;1;0
1343;53;3;3;1.08;32.59;2;2.92;0.89;4;0;1;1;1
1344;24;1;2;1.15;12.24;3;10.09;0.88;9;0;1;1;0
1345;46;2;2;1.13;23.13;2;6.03;0.99;17;0;0;0;0
1346;32;2;2;1.11;22.79;4;20.46;0.84;19;0;0;0;0
1347;43;1;1;1.07;11.47;4;19.69;0.99;15;0;0;0;0
1348;24;2;4;1.16;24;4;20.21;0.88;12;0;0;1;0
1349;26;3;3;1.04;31.34;5;4.91;0.92;13;0;1;0;0
1350;23;5;5;1.19;59.81;1;1.85;0.99;22;1;1;1;1
1351;38;3;3;1.02;30.66;2;10.61;0.86;9;0;1;1;0
1352;64;3;3;1.13;34.68;1;5.73;0.97;11;0;0;1;0
1353;24;5;5;1.16;58.76;3;14.81;0.96;8;1;1;1;1
1354;31;4;4;1;40.21;5;14.51;0.83;1;1;1;1;1
1355;60;4;4;1.15;46.56;3;9.25;0.85;24;0;0;0;0
1356;30;2;1;1;20.61;3;6;0.81;10;0;1;1;0
1357;52;1;5;1.2;12.36;5;11.38;0.86;20;0;0;0;0
1358;56;2;2;1.19;24.78;4;8.36;0.81;1;0;1;1;1
1359;66;2;2;1.1;22.15;4;11.55;0.82;7;0;1;1;0
1360;21;4;4;1.02;41.55;5;13.75;0.94;1;0;1;1;1
1361;66;4;4;1.11;45.18;1;16.51;0.81;24;0;0;0;0
1362;26;5;5;1.12;56.58;5;16.99;0.92;23;1;1;1;1
1363;65;4;4;1.1;44.86;2;10.23;0.98;1;0;1;1;1
1364;18;2;2;1.09;22.33;1;12.36;0.95;19;0;0;0;0
1365;32;2;2;1.19;24.63;4;4.77;0.86;14;0;1;1;0
1366;28;2;5;1.18;23.62;3;19.92;0.96;7;0;1;1;0
1367;52;5;5;1;50.67;5;17.12;0.89;9;0;0;0;0
1368;58;1;3;1.15;11.82;4;6.42;0.85;24;0;0;0;0
1369;70;1;1;1.08;11.55;1;17.17;0.88;20;1;1;1;0
1370;68;2;2;1.13;23.41;1;15.01;0.8;10;0;1;1;0
1371;18;4;4;1.19;48.15;1;15.46;0.82;6;0;1;1;1
1372;68;3;3;1.15;35.39;4;11.02;0.88;7;0;1;1;0
1373;23;2;2;1.17;23.87;1;15.31;0.93;3;1;1;1;1
1374;62;3;3;1.18;36.31;1;15.84;0.9;17;0;0;0;0
1375;45;1;1;1.2;12.56;5;11.31;0.92;8;0;1;1;0
1376;44;2;2;1.13;23.37;2;1.12;0.96;22;0;0;0;0
1377;47;1;1;1.03;10.71;1;20.96;0.88;6;0;1;1;0
1378;51;3;3;1.15;35.44;1;16.53;0.94;20;0;0;0;0
1379;59;1;1;1.11;11.28;5;6;0.81;23;0;0;0;0
1380;39;3;3;1.09;33.19;4;11.4;0.93;2;1;1;1;1
1381;40;2;2;1.04;21.77;3;1.71;0.93;10;0;0;0;0
1382;69;2;2;1.03;21.15;1;1.01;0.8;12;0;1;1;0
1383;68;2;2;1.16;24;5;10.52;0.81;18;0;0;0;0
1384;58;1;1;1.08;10.81;5;4.1;0.99;1;0;1;1;0
1385;29;4;4;1.19;48.14;2;15.72;1;10;0;1;1;1
1386;62;1;1;1.04;10.97;3;11.64;0.88;12;0;1;0;0
1387;34;4;1;1.19;48.19;5;20.91;0.94;12;0;0;0;0
1388;41;5;5;1.04;52.72;3;3.18;0.94;9;0;0;1;1
1389;38;4;4;1.09;43.74;5;17.08;0.84;6;0;1;1;1
1390;37;1;1;1.02;11.05;5;4.74;0.94;20;0;0;0;0
1391;40;1;1;1.15;12.33;3;11.03;0.97;4;0;1;1;0
1392;41;1;1;1.16;12.32;2;19.15;0.82;24;1;1;1;1
1393;69;3;3;1.18;36.23;2;17.27;0.99;1;0;0;0;0
1394;24;5;5;1.02;51.01;3;14.05;0.94;5;0;1;1;1
1395;40;5;5;1.04;52.1;2;18.1;0.99;16;0;0;0;0
1396;46;2;2;1.06;21.2;4;12.93;0.99;19;0;0;0;0
1397;53;2;2;1.15;23.52;3;16.5;0.98;5;0;1;1;0
1398;28;4;5;1.05;42.75;1;4.9;0.96;23;0;0;0;0
1399;21;4;4;1.18;48.03;3;16.33;0.98;6;0;1;1;1
1400;64;3;4;1.04;31.96;2;11.97;0.8;20;0;0;0;0
1401;41;5;5;1.04;52.24;3;15.76;0.82;2;0;0;0;0
1402;18;3;3;1.09;33.58;1;14.42;0.91;18;0;1;0;0
1403;30;2;2;1.02;21.05;3;8.45;0.99;9;0;1;1;0
1404;43;1;1;1.08;11.02;2;13.49;0.88;5;1;1;1;1
1405;56;2;2;1.16;23.95;3;3.24;0.99;16;0;0;0;0
1406;66;4;4;1;40.92;5;11.77;0.85;13;0;1;0;0
1407;31;1;1;1.09;10.91;1;9.97;0.86;15;1;1;1;1
1408;58;3;3;1.01;30.95;4;1.46;0.87;9;0;1;1;0
1409;18;1;1;1.13;12.24;3;10.8;1;15;0;1;0;0
1410;55;2;2;1.13;23.16;2;18.13;0.89;8;0;1;1;0
1411;47;1;1;1.07;11.22;1;10.53;0.81;21;1;1;1;1
1412;50;5;5;1.17;58.55;1;15.56;0.91;9;1;1;1;1
1413;47;4;4;1.15;46.04;3;8.79;0.99;19;0;0;0;0
1414;67;4;3;1.13;46.1;2;8.97;0.96;5;0;1;1;1
1415;49;1;1;1.03;10.77;5;11.77;0.98;24;1;0;0;0
1416;21;3;1;1.18;36.29;4;8.35;0.88;21;0;0;0;0
1417;63;3;3;1.16;34.82;3;19.05;0.87;14;0;0;1;0
1418;64;4;4;1.02;40.86;1;8.57;0.82;8;0;1;1;0
1419;51;1;1;1.07;11.37;5;11.62;0.87;24;0;0;0;0
1420;19;4;4;1.05;42.48;1;6.94;0.9;24;1;0;0;0
1421;19;3;3;1.08;32.87;4;8.9;0.87;2;0;1;1;1
1422;30;3;3;1.05;31.95;2;6.19;0.84;18;0;0;0;0
1423;21;3;3;1.12;34.29;5;18.23;0.87;18;0;0;0;0
1424;18;1;1;1.12;11.94;1;8.96;0.82;6;1;1;1;1
1425;47;3;3;1.03;31.54;5;13.19;0.88;2;0;1;1;1
1426;27;1;1;1.12;11.24;2;12.54;0.93;22;1;1;1;1
1427;65;2;2;1.15;23.76;5;13.49;0.91;24;0;0;0;0
1428;28;5;5;1.17;59.31;5;5.97;0.94;12;1;1;1;1
1429;28;3;3;1.05;32.42;4;8.68;0.99;3;0;1;1;1
1430;38;5;5;1;50.87;5;2.75;0.89;13;0;0;0;0
1431;60;2;2;1;20.73;2;1.18;0.94;11;0;1;1;0
1432;55;1;1;1.1;11.6;3;6.74;0.83;24;0;0;0;0
1433;47;2;2;1.02;21.03;1;5.69;0.96;11;0;1;1;0
1434;32;1;1;1.09;11.66;3;10.66;0.85;13;0;0;1;0
1435;37;5;5;1.12;56.17;2;5.93;0.94;6;1;1;1;1
1436;35;2;2;1.18;24.38;5;17.91;0.97;13;0;0;0;0
1437;63;1;1;1.1;11.19;1;15.97;0.88;20;1;1;1;1
1438;52;5;5;1.19;60.07;1;16.22;0.81;16;1;1;1;1
1439;49;3;4;1.05;31.99;3;6.33;0.87;19;0;0;0;0
1440;69;3;3;1.1;33.9;1;17.59;1;8;0;1;1;0
1441;49;4;4;1.01;40.9;5;19.29;0.85;11;0;1;1;0
1442;19;2;2;1.08;22.27;1;7.81;0.91;6;0;1;1;0
1443;26;2;2;1.1;22.99;1;15.27;0.85;14;0;0;1;0
1444;29;3;3;1.07;32.61;4;17.81;0.82;3;0;1;1;1
1445;21;2;2;1.17;24.12;2;20.8;0.88;19;0;0;0;0
1446;23;3;3;1.19;35.95;2;14.34;0.82;20;0;1;0;0
1447;46;4;4;1.01;41.24;2;2.56;0.9;17;0;0;0;0
1448;54;5;5;1.05;53.07;3;8.08;0.98;18;0;0;0;0
1449;60;3;3;1.02;31.57;5;10.39;0.85;5;0;1;1;0
1450;21;4;4;1.2;48.11;1;5.87;0.98;4;0;1;1;1
1451;67;2;2;1.05;21.99;1;15.99;0.89;17;0;0;0;0
1452;41;3;3;1.12;34.29;5;18.36;0.85;12;0;1;1;0
1453;27;3;3;1.18;36.33;1;20.43;0.89;19;0;0;0;0
1454;46;1;1;1.14;11.98;1;1.2;0.91;11;0;0;0;0
1455;37;2;2;1.05;21.78;3;8.91;0.83;15;0;1;1;0
1456;51;3;5;1.14;34.75;3;7.13;0.93;22;0;0;0;0
1457;34;4;4;1.11;44.64;5;19.4;0.98;6;0;1;1;1
1458;51;4;4;1.14;46.48;3;15.65;0.85;17;0;0;0;0
1459;60;4;4;1.02;40.87;4;12.72;0.99;2;0;1;1;1
1460;48;2;2;1.13;23.48;3;12.73;0.93;12;0;0;1;0
1461;61;1;1;1.15;12.1;3;9.36;0.99;14;0;0;0;0
1462;48;3;5;1.05;32.34;5;2.11;0.83;4;0;1;1;1
1463;56;2;2;1.13;23.15;4;14.02;0.85;24;0;0;0;0
1464;39;3;3;1.15;35.21;3;7.67;0.83;12;0;1;1;0
1465;54;2;2;1.16;23.64;4;11.32;0.85;13;0;1;1;0
1466;58;2;2;1.11;22.54;4;7.89;0.86;6;0;1;1;0
1467;64;1;1;1.09;11.44;1;7.36;0.83;16;1;1;1;1
1468;63;5;5;1.07;54.17;1;3.1;0.86;5;0;1;1;1
1469;62;4;4;1.09;43.61;3;12.48;0.9;23;0;0;0;0
1470;41;3;3;1.07;32.59;5;2.37;0.85;22;0;0;0;0
1471;63;2;2;1.11;22.67;3;19.32;0.88;5;0;1;1;0
1472;51;2;2;1.19;24.03;5;17.8;1;16;0;1;0;0
1473;47;3;3;1.19;36.44;2;6.39;0.99;2;1;1;1;1
1474;35;5;5;1.15;57.51;4;11.43;0.84;18;1;1;1;1
1475;54;3;3;1.18;35.67;2;5.61;0.94;2;0;1;1;1
1476;43;5;5;1.02;51.44;5;14.67;0.95;20;0;0;0;0
1477;44;1;1;1.03;10.53;1;3.59;0.83;3;0;1;1;0
1478;31;1;1;1.15;11.84;3;20.35;0.82;4;0;1;1;0
1479;48;2;2;1.01;20.9;3;12.74;0.96;12;0;0;1;0
1480;22;4;4;1.01;41.18;2;4.34;0.96;13;0;0;0;1
1481;50;3;3;1.04;31.68;2;7.51;0.88;14;0;1;1;0
1482;24;1;1;1.2;12.04;1;2.61;0.87;20;1;1;1;1
1483;43;1;1;1.09;11.84;2;14.74;0.85;3;1;1;1;1
1484;63;3;3;1.03;31.37;4;17.08;0.82;19;0;0;0;0
1485;50;5;5;1.08;54.48;3;4.95;0.98;20;0;0;0;0
1486;41;5;5;1.18;59.03;3;7.13;0.99;18;1;1;1;1
1487;42;5;5;1.12;56.27;3;8.45;0.99;16;1;1;1;1
1488;30;1;1;1.15;11.64;3;5.13;0.93;12;0;1;1;0
1489;68;5;5;1.16;58.79;3;3.25;0.84;14;1;1;1;1
1490;62;5;5;1.02;51.36;2;17.89;0.91;12;0;0;0;1
1491;59;1;1;1.17;12.33;2;4.61;0.98;1;1;0;0;0
1492;46;1;1;1.11;11.57;5;20.64;0.83;23;0;0;0;0
1493;62;3;3;1.12;34.39;1;12.39;0.89;16;0;0;0;0
1494;44;4;3;1.07;43.48;3;2.59;0.86;4;0;1;1;1
1495;51;5;5;1.08;54.84;3;12.29;0.95;12;0;0;0;0
1496;51;1;1;1.03;10.5;1;15.79;0.87;8;0;1;1;0
1497;18;1;2;1.02;10.36;4;11.75;0.84;4;0;1;1;0
1498;70;4;4;1.14;45.89;5;2.25;0.83;5;0;0;1;1
1499;36;3;3;1.15;35.13;2;5.87;0.91;23;0;0;0;0
1500;47;1;1;1.01;10.58;5;12.79;0.87;4;0;1;0;0
